"last_name, first_name","player_id","year","player_age","ab","pa","hit","single","double","triple","home_run","strikeout","walk","k_percent","bb_percent","batting_avg","slg_percent","on_base_percent","on_base_plus_slg","isolated_power","b_rbi","b_total_bases","r_total_caught_stealing","r_total_stolen_base","b_gnd_into_dp","b_hit_by_pitch","b_intent_walk","b_sac_bunt","b_sac_fly","xba","xslg","woba","xwoba","xobp","xiso","exit_velocity_avg","launch_angle_avg","sweet_spot_percent","barrel","barrel_batted_rate","solidcontact_percent","flareburner_percent","hard_hit_percent","avg_best_speed","avg_hyper_speed","whiff_percent","swing_percent"
"Paredes, Isaac",670623,2025,26,378,438,96,60,15,1,20,76,50,17.4,11.4,".254",".458",".352","0.810","0.204","53","173","1","0","10","8","0","0","2",".235",".380",".353",".320",".337",".146","87.4","23",37.2,19,6.3,6.3,26,33.6,"97.968035894","93.068434007",16.4,40.9
"Grichuk, Randal",545341,2025,33,272,293,62,34,18,1,9,61,17,20.8,5.8,".228",".401",".273","0.674","0.173","27","109","1","0","6","1","1","0","3",".259",".457",".289",".326",".305",".197","92.4","17.6",33.6,25,11.7,5.1,22,49.5,"103.732042243","96.384131636",19.8,48.7
"Collins, Isaac",686555,2025,27,372,441,98,64,22,3,9,93,57,21.1,12.9,".263",".411",".368","0.779","0.148","54","153","7","16","8","6","0","3","3",".246",".359",".344",".322",".354",".113","88.8","12.2",34.4,14,4.9,7,27.4,38.9,"99.896805357","94.13021853",22.5,43.1
"Toro, Abraham",647351,2025,28,259,284,62,42,13,0,7,42,14,14.8,4.9,".239",".371",".289","0.660","0.132","27","96","1","2","1","6","1","0","5",".253",".376",".286",".302",".309",".123","86.3","13.4",32,10,4.5,5.9,27.9,34.2,"97.83336","92.947994955",20.4,49.6
"Naylor, Josh",647304,2025,28,543,604,160,110,29,1,20,83,48,13.7,7.9,".295",".462",".353","0.815","0.167","92","251","2","30","17","4","4","0","5",".271",".436",".351",".335",".335",".166","89.2","11.6",30.8,31,6.7,7.5,26.5,41.9,"100.123963879","94.317973693",22.1,53.9
"Conforto, Michael",624424,2025,32,418,486,83,51,20,0,12,121,56,24.9,11.5,".199",".333",".305","0.638","0.134","36","139","0","1","12","9","0","0","3",".233",".410",".287",".330",".336",".177","89.9","12.9",34.3,29,9.7,7.3,24.7,44,"100.8879832","94.86054311",24.9,45.1
"Isbel, Kyle",664728,2025,28,368,409,94,70,16,4,4,74,23,18.1,5.6,".255",".353",".301","0.654","0.098","33","130","5","4","7","2","0","13","3",".220",".290",".287",".251",".269",".070","87.8","8.7",26.5,5,1.6,4.5,21,36.1,"99.661835734","93.907481368",18.2,46.5
"García Jr., Luis",671277,2025,25,488,526,123,78,28,1,16,84,27,16,5.1,".252",".412",".289","0.701","0.160","66","201","5","14","7","2","1","0","9",".281",".470",".300",".339",".320",".189","90.2","9.2",33.7,37,9,7.5,26.9,45.8,"100.772844709","94.823697591",21.7,53.9
"Carter, Evan",694497,2025,22,194,220,48,32,9,2,5,41,19,18.6,8.6,".247",".392",".336","0.728","0.145","25","76","2","14","2","7","1","0","0",".246",".365",".321",".312",".335",".119","86.7","13.7",34,9,5.9,5.9,20.9,34.6,"98.081147895","93.040980197",25.5,44.3
"Canario, Alexander",672744,2025,25,216,234,47,34,6,1,6,80,17,34.2,7.3,".218",".338",".274","0.612","0.120","20","73","1","3","5","0","0","0","1",".219",".407",".270",".295",".275",".188","87.4","10.5",35.8,17,12.4,7.3,23.4,43.8,"101.464192464","94.871333139",39,53.4
"Muncy, Max",691777,2025,22,206,220,44,28,7,0,9,68,10,30.9,4.5,".214",".379",".259","0.638","0.165","23","78","1","1","1","3","0","0","1",".203",".353",".277",".267",".252",".150","87.1","9.3",33.8,14,10.1,4.3,18,32.4,"99.591026471","93.796838162",32.6,50.2
"Caratini, Victor",605170,2025,31,344,386,89,63,14,0,12,65,23,16.8,6,".259",".404",".324","0.728","0.145","46","139","0","1","8","13","0","0","6",".255",".425",".318",".329",".324",".170","88.7","12.5",34.7,22,7.7,8.4,24.6,40.7,"100.008528662","94.285292852",19.8,46.6
"Clemens, Kody",665019,2025,29,348,386,74,39,12,4,19,93,29,24.1,7.5,".213",".434",".281","0.715","0.221","52","151","1","5","4","5","1","2","2",".243",".465",".307",".331",".309",".223","91.5","16.7",35.9,31,12,9.7,18.9,48.3,"102.245098819","95.890658268",23.9,48.4
"Abrams, CJ",682928,2025,24,580,635,149,90,35,5,19,125,37,19.7,5.8,".257",".433",".315","0.748","0.176","60","251","3","31","5","14","1","1","3",".245",".401",".324",".309",".305",".156","88.7","13.3",34.4,35,7.6,7,22,39.2,"99.528390349","93.868025131",24.4,50.6
"Baldwin, Brooks",681460,2025,24,300,328,72,45,15,1,11,86,21,26.2,6.4,".240",".407",".290","0.697","0.167","38","122","0","5","9","1","0","4","2",".235",".416",".302",".307",".288",".181","90.4","14.8",36.8,24,10.9,4.5,22.3,40.9,"100.405509245","94.668835355",24.6,53.2
"Meyers, Jake",676694,2025,29,343,381,100,80,15,2,3,67,31,17.6,8.1,".292",".373",".354","0.727","0.081","24","128","5","16","9","3","0","2","2",".269",".403",".323",".325",".334",".134","88.1","9.8",34.6,14,5,7.1,28.6,38.9,"99.285411377","93.81484913",21.2,47.2
"Riley, Austin",663586,2025,28,416,447,108,71,20,1,16,128,27,28.6,6,".260",".428",".309","0.737","0.168","54","178","1","2","9","3","1","0","1",".246",".472",".318",".330",".298",".225","92.3","16.8",37,44,15.2,8.3,24.6,50.2,"104.205844276","96.625096678",29.5,51
"Lee, Brooks",686797,2025,24,487,527,115,83,15,1,16,92,31,17.5,5.9,".236",".370",".285","0.655","0.134","64","180","1","3","11","4","0","0","5",".234",".374",".286",".289",".285",".140","88.6","13.2",30.8,23,5.8,7,23.8,38.5,"98.1525774","93.309491128",24,49.8
"Henderson, Gunnar",683002,2025,24,577,651,158,102,34,5,17,137,62,21,9.5,".274",".438",".349","0.787","0.164","68","253","5","30","7","7","6","0","5",".276",".425",".339",".341",".354",".149","92.1","9.5",29.9,38,8.5,4.7,30.3,49.2,"102.936564389","96.031023084",25.1,47.6
"Neto, Zach",687263,2025,24,502,554,129,73,29,1,26,149,33,26.9,6,".257",".474",".319","0.793","0.217","62","238","9","26","5","14","6","2","3",".251",".495",".337",".344",".315",".244","91","17.5",38,50,14,8.9,21.8,46.6,"101.775942825","95.420716799",29.1,48.6
"Allen, Nick",669397,2025,26,371,416,82,71,11,0,0,99,31,23.8,7.5,".221",".251",".284","0.535","0.030","22","93","7","8","8","3","0","8","3",".220",".267",".245",".252",".284",".046","84.8","13.3",29.3,0,0,2.8,28.6,21.6,"94.907320963","91.457467333",21.5,48.4
"Marsee, Jakob",805300,2025,24,209,234,61,35,18,3,5,48,22,20.5,9.4,".292",".478",".363","0.841","0.186","33","100","6","14","2","2","0","0","1",".275",".442",".363",".347",".350",".168","88.9","10.9",38.9,13,8,7.4,29.6,41.4,"100.197952716","94.371443168",19.5,43.1
"Devers, Rafael",646240,2025,28,607,729,153,85,33,0,35,192,112,26.3,15.4,".252",".479",".372","0.851","0.227","109","291","1","1","16","6","10","0","4",".244",".487",".365",".367",".368",".242","93.5","12.6",34.6,67,16,6.4,22.7,56.1,"104.005280383","97.028150813",31.6,47.2
"Contreras, William",661388,2025,27,566,659,147,102,28,0,17,120,84,18.2,12.7,".260",".399",".355","0.754","0.139","76","226","4","6","14","3","4","0","6",".253",".398",".332",".331",".352",".145","91.1","7",31.6,29,6.4,10.2,22.1,48.5,"102.570622124","95.839705166",24.2,46.5
"Seager, Corey",608369,2025,31,380,445,103,63,19,0,21,87,58,19.6,13,".271",".487",".373","0.860","0.216","50","185","0","3","13","5","10","0","2",".285",".569",".365",".400",".386",".284","92.9","11.6",34.2,45,15.3,6.8,26.8,53.6,"103.909205676","96.729058034",27.9,49.9
"Sosa, Edmundo",624641,2025,29,243,261,67,43,12,1,11,56,10,21.5,3.8,".276",".469",".307","0.776","0.193","39","114","1","1","7","2","0","3","2",".245",".391",".332",".290",".279",".146","87.7","9.4",35.4,12,6.3,5.7,24,38,"99.677737979","93.987724064",25.7,57.1
"Schneider, Davis",676914,2025,26,188,227,44,28,5,0,11,60,36,26.4,15.9,".234",".436",".361","0.797","0.202","31","82","1","3","4","2","0","0","1",".188",".409",".351",".323",".324",".221","90.8","24.2",27.9,18,14,5.4,17.8,41.1,"100.329632154","94.696231395",28.5,42.7
"Goodman, Hunter",696100,2025,25,540,579,150,86,28,5,31,152,33,26.3,5.7,".278",".520",".323","0.843","0.242","91","281","2","1","16","4","0","0","2",".244",".466",".359",".324",".292",".221","90.8","17.3",32.8,50,12.8,5.4,23.8,46.9,"102.599968608","95.758645633",32,55
"Bailey, Patrick",672275,2025,26,409,452,91,64,18,3,6,133,30,29.4,6.6,".222",".325",".277","0.602","0.103","55","133","0","1","7","3","0","4","6",".210",".333",".265",".264",".266",".123","88.2","15.6",35.3,16,5.6,5.9,25.9,36.4,"98.882488071","93.543761039",28.6,49.4
"Garver, Mitch",641598,2025,34,254,290,53,38,5,1,9,80,30,27.6,10.3,".209",".343",".297","0.640","0.134","30","87","0","3","6","3","1","0","3",".209",".371",".284",".298",".300",".163","91.5","19.4",31.1,14,7.9,7.3,26,46.9,"100.635150112","94.896484576",30.7,40.8
"Baty, Brett",683146,2025,25,393,432,100,67,13,2,18,108,33,25,7.6,".254",".435",".313","0.748","0.181","50","171","0","8","6","2","0","0","3",".252",".457",".324",".334",".313",".205","90.7","5.8",32.6,37,12.8,4.9,24.7,46.9,"102.670454406","95.715246084",27.3,46.7
"Mayo, Coby",691723,2025,23,263,294,57,34,12,0,11,84,27,28.6,9.2,".217",".388",".299","0.687","0.171","28","102","0","3","2","4","0","0","0",".202",".363",".303",".289",".287",".160","87.3","20.7",33,18,10.1,3.4,20.1,36,"99.691533371","93.857359663",30.6,45.3
"Rocchio, Brayan",677587,2025,24,344,383,80,55,18,2,5,77,22,20.1,5.7,".233",".340",".290","0.630","0.107","44","117","4","8","4","8","0","4","5",".246",".358",".278",".295",".306",".113","88","11",33.3,9,3.3,8.3,28.3,35.5,"98.267840896","93.292344494",24,51.4
"Narváez, Carlos",665966,2025,26,403,446,97,55,27,0,15,111,38,24.9,8.5,".241",".419",".306","0.725","0.178","50","169","1","1","12","1","0","2","2",".220",".381",".315",".293",".288",".162","91.1","13.2",30.4,27,9.1,5.4,24.7,44.6,"101.53825034","95.342193367",27.7,48.9
"Toglia, Michael",669911,2025,26,306,337,58,31,15,1,11,132,28,39.2,8.3,".190",".353",".258","0.611","0.163","32","108","0","3","7","1","2","0","2",".199",".351",".265",".271",".268",".152","89.9","17.7",38.1,18,10.2,6.3,26.7,43.2,"100.796186437","94.757682428",37.3,48.9
"Lindor, Francisco",596019,2025,31,644,732,172,106,35,0,31,131,65,17.9,8.9,".267",".466",".346","0.812","0.199","86","300","6","31","9","16","2","0","7",".260",".454",".350",".345",".342",".194","90.5","15.1",34.6,46,8.8,7.1,25.2,44.4,"100.755824319","94.874493626",20.8,47.7
"Mountcastle, Ryan",663624,2025,28,332,357,83,58,18,0,7,98,15,27.5,4.2,".250",".367",".286","0.653","0.117","35","122","0","3","10","4","0","0","6",".253",".428",".284",".313",".293",".174","90.7","9.1",37.5,28,11.7,6.3,26.7,47.1,"101.733937167","95.313543167",32,57.5
"Domínguez, Jasson",691176,2025,22,381,429,98,69,18,1,10,115,41,26.8,9.6,".257",".388",".331","0.719","0.131","47","148","5","23","5","3","1","0","4",".237",".370",".316",".306",".316",".133","90.6","13",28.9,19,7,5.9,25.9,49.6,"102.212663185","95.648499111",27.2,50.4
"Hoskins, Rhys",656555,2025,32,279,328,66,41,12,1,12,91,38,27.7,11.6,".237",".416",".332","0.748","0.179","43","116","1","2","6","5","2","0","6",".220",".389",".324",".314",".322",".169","90.2","22.1",39.7,20,10.3,6.2,26.8,46.4,"100.047500722","94.368500412",27.6,40.4
"Story, Trevor",596115,2025,32,612,654,161,107,29,0,25,176,33,26.9,5,".263",".433",".308","0.741","0.170","96","265","1","31","3","7","1","1","1",".249",".421",".320",".311",".296",".173","91.4","14.2",32.6,43,9.8,7.5,25.6,47,"102.418939954","95.643419306",29.3,54.4
"McKinstry, Zach",656716,2025,30,452,511,117,71,23,11,12,111,46,21.7,9,".259",".438",".333","0.771","0.179","49","198","5","19","6","7","1","1","5",".247",".358",".333",".305",".324",".111","85.7","14.1",41.2,21,6.1,4.9,30,30.5,"96.985648092","92.494690578",22.8,46.7
"De La Cruz, Elly",682829,2025,23,629,699,166,106,31,7,22,181,67,25.9,9.6,".264",".440",".336","0.776","0.176","86","277","8","37","14","2","10","0","1",".251",".424",".333",".322",".325",".173","91","7.6",32.5,46,10.2,4.9,24.1,44.2,"102.291176726","95.4641937",31.7,45.7
"House, Brady",691781,2025,22,261,274,61,46,11,0,4,78,8,28.5,2.9,".234",".322",".252","0.574","0.088","29","84","3","5","11","0","0","0","5",".256",".370",".248",".284",".278",".114","89.8","5.8",36.2,8,4.3,9.6,29.3,46.3,"101.278758298","94.962086257",30.9,57.2
"Tovar, Ezequiel",678662,2025,23,360,390,91,60,18,4,9,98,21,25.1,5.4,".253",".400",".294","0.694","0.147","33","144","3","5","2","1","0","6","2",".261",".441",".301",".319",".302",".180","89.4","16.4",43.7,25,9.3,8.5,27,38.9,"100.45095771","94.346705534",31.4,60.7
"Pagés, Pedro",686780,2025,26,361,389,83,57,15,0,11,107,19,27.5,4.9,".230",".363",".272","0.635","0.133","45","131","0","0","9","3","1","3","3",".208",".340",".276",".259",".253",".132","88","12.4",32.7,19,7.3,5.4,20.8,36.5,"99.396807402","93.764663583",27.7,51.7
"Ozuna, Marcell",542303,2025,34,487,592,113,73,19,0,21,144,94,24.3,15.9,".232",".400",".355","0.755","0.168","68","195","0","0","11","3","2","0","7",".239",".448",".334",".354",".362",".209","89.9","14.1",35.1,40,11.4,9.7,22.3,44.6,"101.322693218","94.957629109",25.8,39.4
"Scott II, Victor",687363,2025,24,398,463,86,65,15,1,5,111,42,24,9.1,".216",".296",".305","0.601","0.080","37","118","4","34","3","10","0","10","3",".225",".313",".274",".287",".314",".087","86.1","15.2",36,11,3.7,3.7,25.3,26,"96.84561594","92.427137782",26.9,49.1
"Santander, Anthony",623993,2025,30,194,221,34,23,5,0,6,61,25,27.6,11.3,".175",".294",".271","0.565","0.119","18","57","0","0","6","1","1","0","1",".188",".301",".255",".265",".286",".113","89.6","18.5",27.6,6,4.5,7.5,22.4,41,"100.252058507","94.331401567",24.5,48.5
"Pasquantino, Vinnie",686469,2025,27,621,682,164,98,33,1,32,107,49,15.7,7.2,".264",".475",".323","0.798","0.211","113","295","0","1","14","7","5","0","5",".259",".463",".340",".334",".319",".205","90.9","16.3",33.5,56,10.8,7.9,20.8,44.7,"101.339574109","95.022747112",18.2,48
"Santana, Carlos",467793,2025,39,415,474,91,69,11,0,11,91,52,19.2,11,".219",".325",".308","0.633","0.106","54","135","0","7","7","3","1","0","4",".216",".346",".284",".290",".306",".130","87.6","16.7",31.1,16,4.9,6.7,20.1,37.8,"99.228050732","93.64377436",24.3,45
"Hays, Austin",669720,2025,29,380,416,101,65,16,5,15,107,29,25.7,7,".266",".453",".315","0.768","0.187","64","172","0","7","9","1","2","0","6",".234",".403",".327",".300",".290",".169","88.8","14.6",31.9,29,10.4,4.7,24.7,38.4,"99.434684493","93.863333745",31.4,52
"Butler, Lawrence",671732,2025,24,569,630,133,80,30,2,21,179,59,28.4,9.4,".234",".404",".306","0.710","0.170","63","230","7","22","7","0","0","2","0",".229",".393",".310",".304",".301",".164","90.5","9.2",34.4,36,9.2,6.9,22.7,44.4,"102.147176546","95.442891289",32.9,47
"Cruz, Oneil",665833,2025,26,471,544,94,53,18,3,20,174,64,32,11.8,".200",".378",".298","0.676","0.178","61","178","5","38","6","4","4","0","5",".218",".425",".295",".324",".317",".207","95.8","8.1",31.5,54,17.9,5,17.9,56.6,"107.307978467","98.8072552",34,41.6
"Burleson, Alec",676475,2025,26,497,546,144,98,26,2,18,79,39,14.5,7.1,".290",".459",".343","0.802","0.169","69","228","1","5","14","3","1","1","4",".272",".471",".346",".345",".329",".199","91","15.2",34,40,9.5,7.6,24.8,43,"101.386484258","95.130209592",17.9,49.3
"Walker, Christian",572233,2025,34,585,640,139,87,24,1,27,177,40,27.7,6.3,".238",".421",".297","0.718","0.183","88","246","1","2","10","11","1","0","4",".233",".435",".310",".314",".294",".203","90.9","16.9",34.5,53,12.9,5.3,22.1,46.1,"102.499785971","95.668558155",30.5,52.2
"Busch, Michael",683737,2025,27,524,592,137,73,25,5,34,139,56,23.5,9.5,".261",".523",".343","0.866","0.262","90","274","0","4","2","10","2","0","2",".262",".548",".369",".378",".344",".286","92.2","17",41.1,66,17.1,7.5,23.8,47.3,"101.692645959","95.541508831",25.1,46.8
"Clement, Ernie",676391,2025,29,545,588,151,105,35,2,9,61,27,10.4,4.6,".277",".398",".313","0.711","0.121","50","217","5","6","13","4","1","7","5",".260",".359",".308",".289",".299",".100","86.6","17.9",37.1,12,2.4,5,27,26,"95.998970369","92.037389446",14.5,53.8
"Yelich, Christian",592885,2025,33,573,644,151,101,21,0,29,167,64,25.9,9.9,".264",".452",".343","0.795","0.188","103","259","6","16","6","6","6","0","1",".245",".439",".343",".330",".327",".194","90.2","1.9",31.2,42,10.3,6.1,22.1,46.4,"102.370284187","95.465991975",29.2,45.7
"Lowe, Brandon",664040,2025,30,507,553,130,80,19,0,31,149,38,26.9,6.9,".256",".477",".307","0.784","0.221","83","242","2","3","6","2","1","0","6",".253",".478",".334",".335",".307",".224","91.1","15.2",37.6,47,12.9,6.3,26.1,46.6,"101.991060221","95.474542762",33.4,55.5
"Kelly, Carson",608348,2025,30,369,421,92,61,13,1,17,80,45,19,10.7,".249",".428",".333","0.761","0.179","50","158","0","2","11","3","0","0","4",".236",".411",".332",".321",".322",".175","88.8","16.4",34.8,28,9.6,5.1,22.2,40.3,"99.757056939","94.178120819",20.6,44.9
"Tucker, Kyle",663656,2025,28,500,597,133,82,25,4,22,88,87,14.7,14.6,".266",".464",".377","0.841","0.198","73","232","3","25","8","4","7","1","3",".270",".483",".363",".372",".381",".213","90.1","17.2",37.5,45,10.8,6.5,24.8,40.4,"99.768677067","94.192831928",20.2,45.2
"Young, Jacob",696285,2025,25,324,364,75,62,10,1,2,65,27,17.9,7.4,".231",".287",".296","0.583","0.056","31","93","11","15","7","3","0","9","1",".262",".336",".264",".297",".324",".074","87.6","3.8",27.9,5,1.9,3.7,26.4,34.2,"98.260470403","93.325113441",17.4,43.7
"Hoerner, Nico",663538,2025,28,599,649,178,138,29,4,7,49,39,7.6,6,".297",".394",".345","0.739","0.097","61","236","6","29","4","7","1","0","4",".292",".391",".324",".322",".341",".099","86.7","12.5",36.1,13,2.3,4.5,29.8,30.3,"96.704418551","92.414274628",11.2,48.8
"Suárez, Eugenio",553993,2025,33,588,657,134,57,28,0,49,196,46,29.8,7,".228",".526",".298","0.824","0.298","118","309","1","4","11","16","2","0","7",".211",".463",".347",".320",".285",".252","90.2","21.9",32.8,57,14.3,8,16.3,47.6,"101.4773033","95.099828471",33.3,50.4
"Tawa, Tim",694374,2025,26,199,225,40,25,8,0,7,64,20,28.4,8.9,".201",".347",".274","0.621","0.146","18","69","2","8","6","1","0","2","3",".206",".368",".273",".290",".284",".162","89.2","6.8",31.4,13,9.3,3.6,22.1,42.1,"100.696969118","94.668478824",32.5,48.4
"Harris II, Michael",671739,2025,24,611,641,152,100,26,6,20,128,16,20,2.5,".249",".409",".268","0.677","0.160","86","250","6","20","7","3","1","4","7",".268",".438",".289",".315",".291",".169","90.2","7.4",29.6,45,9.1,5.9,22.9,43.4,"103.013806132","95.674311175",24.4,57
"Semien, Marcus",543760,2025,34,470,534,108,76,16,1,15,93,50,17.4,9.4,".230",".364",".305","0.669","0.134","62","171","1","11","8","5","0","0","9",".243",".395",".295",".318",".321",".153","88.3","19.4",35.8,26,6.7,8.3,24.1,35,"98.284177358","93.274231455",22.6,49
"Springer, George",543807,2025,35,498,586,154,94,27,1,32,111,69,18.9,11.8,".309",".560",".399","0.959","0.251","84","279","1","18","14","8","3","0","4",".291",".571",".408",".404",".384",".280","90","17.2",41.2,63,16.1,6.4,23.5,47.6,"102.436288051","95.608566256",26.1,46.2
"Tatis Jr., Fernando",665487,2025,26,594,691,159,105,27,2,25,129,89,18.7,12.9,".268",".446",".368","0.814","0.178","71","265","7","32","6","6","7","0","2",".272",".488",".353",".370",".372",".217","93.3","9.4",28.9,51,10.9,7.9,20.6,51.8,"103.844166724","96.718358423",27,45.9
"Trevino, Jose",624431,2025,32,282,302,67,43,20,0,4,39,15,12.9,5,".238",".351",".272","0.623","0.113","22","99","0","0","9","0","0","1","4",".242",".355",".271",".278",".279",".113","87.9","10.9",29,11,4.4,8.1,22.6,40.7,"99.163307459","93.735879959",18.4,46.6
"Marte, Ketel",606466,2025,31,480,556,136,80,28,0,28,83,64,14.9,11.5,".283",".517",".376","0.893","0.234","72","248","2","4","12","9","6","0","3",".285",".534",".381",".390",".379",".249","90.8","14.8",33,54,13.5,4.8,22.5,47,"102.65931603","95.815528287",22.5,45.3
"Flores, Wilmer",527038,2025,33,419,463,101,75,10,0,16,88,34,19,7.3,".241",".379",".307","0.686","0.138","71","159","0","1","14","7","0","0","3",".225",".334",".302",".281",".294",".109","85.9","18.8",35.6,16,4.8,3.6,27.2,26.9,"96.048525988","92.028912096",20.8,46.7
"Greene, Riley",682985,2025,24,600,655,155,87,31,1,36,201,46,30.7,7,".258",".493",".313","0.806","0.235","111","296","1","2","14","4","1","0","5",".239",".494",".343",".335",".296",".255","89.9","15",36.9,69,17.1,5,21.5,45.5,"102.573683564","95.50996453",30.9,52.6
"Arcia, Orlando",606115,2025,30,203,214,41,30,7,1,3,47,10,22,4.7,".202",".291",".238","0.529","0.089","13","59","1","0","4","0","0","0","1",".212",".295",".233",".240",".248",".084","87.4","7",26.1,4,2.5,3.8,22.3,33.8,"98.674542078","93.369533182",24.8,54
"Massey, Michael",686681,2025,27,262,277,64,52,9,0,3,43,9,15.5,3.2,".244",".313",".268","0.581","0.069","20","82","1","2","3","1","0","1","4",".238",".346",".254",".265",".264",".108","87.5","22.2",35.7,9,4,4.9,24.1,33,"97.791403604","92.942590407",18.5,54
"Donovan, Brendan",680977,2025,28,460,515,132,90,32,0,10,67,42,13,8.2,".287",".422",".353","0.775","0.135","50","194","3","3","4","7","3","2","4",".280",".449",".337",".346",".348",".169","89.7","12.2",40.1,35,8.8,7,26.8,40.9,"99.946562944","94.337995152",13.4,43.8
"Raleigh, Cal",663728,2025,28,596,705,147,63,24,0,60,188,97,26.7,13.8,".247",".589",".359","0.948","0.342","125","351","4","14","6","9","17","0","3",".231",".547",".392",".371",".346",".316","91.3","25.2",35.3,80,19.5,7.1,17.8,49.6,"103.037930049","96.182622409",31.5,51.7
"McCarthy, Jake",664983,2025,27,206,222,42,26,7,5,4,40,10,18,4.5,".204",".345",".247","0.592","0.141","20","71","0","6","2","2","0","3","1",".239",".374",".256",".286",".280",".135","84.7","6.5",28.2,9,5.3,4.7,19.4,27.6,"96.21972175","92.14488327",21.1,49.4
"Stott, Bryson",681082,2025,27,499,560,128,90,22,3,13,91,54,16.3,9.6,".257",".391",".328","0.719","0.134","66","195","5","24","4","1","1","2","4",".247",".393",".315",".313",".320",".146","87.6","14.9",36,21,5.1,6.8,21.5,29.5,"97.625702976","92.873358435",16.7,40.4
"Alvarez Jr., Nacho",805373,2025,22,188,208,44,30,12,0,2,49,12,23.6,5.8,".234",".330",".296","0.626","0.096","15","62","0","0","1","5","0","2","1",".228",".308",".279",".270",".291",".080","84.9","17.8",33.1,2,1.4,5.6,28.2,26.8,"95.360603857","91.727261",22.2,43
"Canzone, Dominic",686527,2025,27,243,269,73,51,11,0,11,59,20,21.9,7.4,".300",".481",".358","0.839","0.181","32","117","1","3","6","3","0","0","2",".290",".533",".361",".376",".349",".243","92.3","10.5",37.4,27,14.4,3.7,28.9,49.7,"102.981015914","96.069596505",26.4,51.6
"Higashioka, Kyle",543309,2025,35,303,327,73,47,14,1,11,72,20,22,6.1,".241",".403",".291","0.694","0.162","47","122","1","3","5","2","0","0","2",".233",".394",".301",".295",".284",".161","88.9","17.2",39.1,20,8.6,8.6,23.2,39.1,"99.057726983","93.733033983",21.9,45
"Adell, Jo",666176,2025,26,526,573,124,68,18,1,37,151,33,26.4,5.8,".236",".485",".293","0.778","0.249","98","255","1","5","10","10","0","0","1",".260",".549",".333",".365",".316",".289","91.7","16.1",35.1,65,17.3,8,18.9,50,"104.215712606","96.547484587",28.5,52.6
"Mead, Curtis",678554,2025,24,240,264,56,42,10,1,3,63,15,23.9,5.7,".233",".321",".299","0.620","0.088","19","77","1","5","9","8","0","0","1",".232",".350",".278",".289",".299",".118","87.5","17.1",33.7,8,4.5,8.4,24.7,34.8,"98.795073295","93.488545114",21.1,48
"Smith, Josh",669701,2025,27,495,563,124,89,23,2,10,100,55,17.8,9.8,".251",".366",".335","0.701","0.115","35","181","3","12","3","8","2","3","1",".247",".366",".311",".310",".332",".119","87.2","12.7",33.8,20,5,4,27.1,31.1,"97.379499592","92.713932653",19.6,45.5
"Fitzgerald, Tyler",666149,2025,27,217,243,47,32,10,1,4,70,17,28.8,7,".217",".327",".278","0.605","0.110","14","71","4","9","3","2","0","6","1",".192",".281",".269",".242",".256",".089","84.5","17",30.5,7,4.5,5.2,20.1,27.9,"96.267063288","92.142678904",31.2,52.6
"Turner, Trea",607208,2025,32,589,639,179,126,31,7,15,107,43,16.7,6.7,".304",".457",".355","0.812","0.153","69","269","7","36","11","5","1","0","2",".270",".410",".352",".321",".324",".140","89.3","9.1",34.7,28,5.8,5.6,27.1,42.1,"100.109582645","94.284521756",24.8,51.4
"Triolo, Jared",669707,2025,27,331,376,75,48,18,2,7,76,39,20.2,10.4,".227",".356",".311","0.667","0.129","24","118","2","13","4","2","1","3","1",".239",".383",".296",".310",".322",".144","89","14.7",34.4,16,6.2,8.5,23.6,38.2,"99.337682857","93.864443413",24,47.2
"Call, Alex",669743,2025,30,270,322,72,52,13,2,5,55,36,17.1,11.2,".267",".385",".361","0.746","0.118","31","104","1","2","6","6","0","6","4",".243",".369",".331",".321",".344",".126","88.2","12.4",32.4,10,4.4,6.2,23.6,28.9,"97.303531852","92.783138698",19.2,38.5
"Herrera, Iván",671056,2025,25,388,452,110,78,13,0,19,84,43,18.6,9.5,".284",".464",".373","0.837","0.180","66","180","2","8","20","15","1","0","4",".275",".491",".365",".371",".368",".216","91.2","10.1",33.8,34,11,6.8,24.7,47.7,"102.882753464","95.975006557",23.3,45.1
"Varsho, Daulton",662139,2025,28,248,271,59,24,13,2,20,77,17,28.4,6.3,".238",".548",".284","0.832","0.310","55","136","0","2","1","1","1","0","5",".226",".494",".345",".327",".279",".267","89.9","23.5",36.9,28,15.9,8,19.3,40.3,"101.929371512","95.29886564",29.8,54.8
"Grisham, Trent",663757,2025,28,494,581,116,72,9,1,34,137,82,23.6,14.1,".235",".464",".348","0.812","0.229","74","229","2","3","7","4","0","0","1",".248",".498",".353",".370",".359",".250","91.1","16.4",34.6,51,14.2,8.1,22.9,46.4,"101.23838764","95.167728169",22.7,38.9
"Harper, Bryce",547180,2025,32,501,580,131,72,32,0,27,121,70,20.9,12.1,".261",".487",".357","0.844","0.226","75","244","2","12","5","6","6","0","3",".268",".492",".361",".368",".364",".224","91.3","11.6",37.6,47,12.3,7.6,23.2,47.5,"102.783123874","95.800004672",30.7,54.2
"Anthony, Roman",701350,2025,21,257,303,75,48,18,1,8,84,40,27.7,13.2,".292",".463",".396","0.859","0.171","32","119","1","4","2","5","0","0","1",".258",".484",".376",".372",".369",".226","94.5","6.9",37.4,27,15.5,8,23,60.3,"103.89544954","97.546625838",29.8,37.4
"Kirk, Alejandro",672386,2025,26,451,506,127,94,18,0,15,59,48,11.7,9.5,".282",".421",".348","0.769","0.139","76","190","0","1","16","1","2","0","6",".278",".480",".334",".359",".348",".203","91.1","11.9",34.4,40,10.1,8.3,24.6,50.8,"102.169605025","95.726454811",18.5,47.2
"Sánchez, Jesús",660821,2025,27,451,497,107,68,21,4,14,110,42,22.1,8.5,".237",".395",".304","0.699","0.158","48","178","3","13","10","2","1","0","2",".242",".441",".304",".323",".308",".200","91.3","9.3",30.3,38,11.1,6.4,20.1,43.4,"102.78171462","95.681017749",25.9,49.2
"Chapman, Matt",656305,2025,32,454,535,105,59,23,2,21,126,71,23.6,13.3,".231",".430",".340","0.770","0.199","61","195","4","9","8","6","1","0","4",".243",".417",".336",".340",".352",".174","92.2","15.7",34,33,9.9,6.9,26.2,47.6,"102.936609458","95.951665392",25.3,42.4
"Meidroth, Chase",805367,2025,23,450,505,114,94,15,0,5,72,45,14.3,8.9,".253",".320",".329","0.649","0.067","23","144","4","14","14","6","0","3","1",".254",".333",".294",".300",".330",".080","88.2","6.7",26.2,6,1.6,4.5,28.3,36.1,"97.686781436","92.976040347",13,38.6
"Hayes, Ke'Bryan",663647,2025,28,527,570,124,100,16,3,5,111,36,19.5,6.3,".235",".306",".290","0.596","0.071","49","161","3","12","12","5","1","1","1",".238",".342",".266",".282",".295",".104","89.3","8.5",30.6,19,4.5,5.7,26.8,42.5,"99.789439561","94.118686822",19.9,44.1
"Crawford, J.P.",641487,2025,30,570,654,151,115,24,0,12,122,74,18.7,11.3,".265",".370",".352","0.722","0.105","58","211","1","8","11","3","1","6","1",".266",".386",".322",".329",".354",".120","87.2","11.5",40,22,4.8,5.3,29.7,34.7,"98.225449369","93.184882725",20.4,45.1
"Crews, Dylan",686611,2025,23,293,322,61,41,8,2,10,76,24,23.6,7.5,".208",".352",".280","0.632","0.144","27","103","5","17","4","5","0","0","0",".235",".393",".279",".307",".304",".158","89.7","8.5",26.7,21,9.7,2.3,25.8,38.7,"101.064556729","94.842214579",30.7,48.1
"Lowe, Josh",666139,2025,27,396,435,87,53,21,2,11,109,33,25.1,7.6,".220",".366",".283","0.649","0.146","40","145","4","18","7","3","1","1","2",".240",".370",".284",".298",".304",".131","88.6","9.3",34.5,17,5.9,5.9,28.6,39.6,"99.41732007","93.945724064",28,54.5
"Caminero, Junior",691406,2025,21,602,653,159,86,28,0,45,125,41,19.1,6.3,".264",".535",".311","0.846","0.271","110","322","1","7","31","3","1","0","7",".255",".501",".357",".346",".307",".246","92.4","10.7",27.7,68,14,5.6,19,51.4,"104.467588678","96.871000041",24.7,50.4
"Machado, Manny",592518,2025,32,615,678,169,109,33,0,27,131,55,19.3,8.1,".275",".460",".335","0.795","0.185","95","283","3","14","16","3","4","0","5",".271",".495",".341",".355",".334",".224","92.9","14.3",34.8,63,12.9,7.8,23.3,51.5,"103.43453","96.416401779",26.1,50
"Lewis, Royce",668904,2025,26,376,403,89,58,18,0,13,80,25,19.9,6.2,".237",".388",".283","0.671","0.151","52","146","2","12","7","0","0","0","2",".240",".400",".292",".297",".286",".160","89.8","16.7",33.2,26,8.7,5.4,24.5,40.3,"100.418670671","94.408310906",26.7,51
"Raley, Luke",670042,2025,30,183,219,37,25,8,0,4,64,19,29.2,8.7,".202",".311",".319","0.630","0.109","19","57","1","2","2","13","0","3","1",".209",".358",".291",".312",".327",".149","89.5","9.8",31.7,13,10.6,5.7,19.5,42.3,"101.481510339","95.137145897",40.8,53.9
"Wilson, Jacob",805779,2025,23,486,523,151,112,26,0,13,39,27,7.5,5.2,".311",".444",".355","0.799","0.133","63","216","2","5","16","7","1","2","1",".277",".364",".348",".304",".324",".087","84.6","8.8",32.2,10,2.2,3.1,26.2,24.7,"95.136633108","91.576810226",9.6,49.9
"Smith, Cam",701358,2025,22,441,493,104,71,21,3,9,137,43,27.8,8.7,".236",".358",".312","0.670","0.122","51","158","1","8","11","7","0","0","2",".235",".376",".298",".304",".312",".141","87.9","8.9",34.6,21,6.9,8.2,23.9,40.8,"100.519229085","94.330406111",28.7,48.4
"Smith, Dominic",642086,2025,30,204,225,58,41,12,0,5,42,15,18.7,6.7,".284",".417",".333","0.750","0.133","33","85","0","2","5","2","0","0","4",".252",".398",".325",".306",".306",".145","87.7","15.1",39.2,7,4.2,8.4,26.5,35.5,"97.948953012","93.092219394",22.2,49.4
"Turang, Brice",668930,2025,25,584,659,168,120,28,2,18,150,66,22.8,10,".288",".435",".359","0.794","0.147","81","254","8","24","3","2","1","2","5",".262",".429",".346",".335",".338",".167","91.1","8.6",35.1,35,7.9,6.1,29.5,47.4,"100.614785374","94.892922904",21,44.3
"Yastrzemski, Mike",573262,2025,34,477,558,111,65,28,1,17,108,72,19.4,12.9,".233",".403",".333","0.736","0.170","46","192","2","7","7","2","4","2","5",".237",".419",".321",".329",".338",".182","90.8","20.4",35.6,32,8.5,9,22.6,42.6,"99.919347541","94.459655315",19,41.8
"Young, Cole",702284,2025,21,223,257,47,35,7,1,4,47,28,18.3,10.9,".211",".305",".302","0.607","0.094","24","68","0","1","4","2","1","2","2",".224",".355",".274",".297",".314",".131","87.6","17.2",33.3,10,5.6,7.8,17.8,31.1,"97.99473618","93.043937232",24.6,44.5
"Straw, Myles",664702,2025,30,267,299,70,51,14,1,4,50,19,16.7,6.4,".262",".367",".313","0.680","0.105","32","98","1","12","5","1","0","11","1",".252",".365",".299",".295",".303",".113","87.2","14.8",36.2,9,3.9,5.7,27.9,27.1,"96.079168692","92.074034626",17.3,47
"Cowser, Colton",681297,2025,25,327,360,64,34,14,0,16,128,27,35.6,7.5,".196",".385",".269","0.654","0.189","40","126","0","14","5","6","1","0","0",".200",".404",".285",".293",".274",".203","90.9","13.8",32.7,28,14.1,8,20.6,46,"101.565652323","95.12341401",34.6,42.4
"Gonzales, Nick",693304,2025,26,381,408,99,73,18,3,5,73,21,17.9,5.1,".260",".362",".299","0.661","0.102","30","138","2","0","12","2","0","0","4",".254",".368",".289",".291",".295",".114","88.8","9.1",31.7,14,4.5,5.1,28.8,38.8,"99.501335385","94.022817942",24.7,57.4
"Alvarez, Francisco",682626,2025,23,246,277,63,39,12,1,11,73,27,26.4,9.7,".256",".447",".339","0.786","0.191","32","110","0","0","6","4","0","0","0",".229",".437",".343",".326",".315",".208","93.1","9.6",32.4,21,12.1,8.7,20.8,54.3,"103.450256092","96.632659422",34.6,45.8
"Dingler, Dillon",693307,2025,26,435,469,121,85,21,2,13,110,23,23.5,4.9,".278",".425",".327","0.752","0.147","57","185","0","0","5","9","2","0","1",".290",".475",".326",".351",".339",".185","90","15.8",42.3,30,9.2,8.9,32.2,45.7,"101.112198405","94.948132515",24.8,48.5
"Moncada, Yoán",660162,2025,30,248,289,58,31,13,2,12,75,32,26,11.1,".234",".448",".336","0.784","0.214","35","111","0","0","4","7","1","0","2",".217",".421",".339",".324",".323",".203","89.8","15.1",37.1,25,14.3,5.1,18.9,43.4,"101.202542614","94.864336514",31.4,44.9
"Williamson, Ben",810938,2025,24,277,295,70,56,13,0,1,64,15,21.7,5.1,".253",".310",".294","0.604","0.057","21","86","1","5","5","1","0","2","0",".241",".322",".269",".269",".283",".081","88.3","3.1",23.3,7,3.3,3.3,27.9,40.5,"99.548201226","93.912783555",21.9,48.1
"India, Jonathan",663697,2025,28,497,567,116,78,29,0,9,106,54,18.7,9.5,".233",".346",".323","0.669","0.113","45","172","4","0","10","13","0","1","2",".238",".378",".301",".315",".329",".140","87.9","17.1",33,23,5.8,6.9,22.1,36.8,"99.096462296","93.637694783",19.9,40.3
"Urías, Ramón",602104,2025,31,352,391,85,57,17,0,11,88,27,22.5,6.9,".241",".384",".292","0.676","0.143","44","135","0","3","6","2","0","0","10",".227",".375",".292",".289",".283",".148","89.2","13.2",33.6,22,8,7.7,23.4,41.8,"99.727267941","94.199624375",26.2,49.1
"O'Hoppe, Logan",681351,2025,25,423,451,90,62,8,1,19,139,24,30.8,5.3,".213",".371",".258","0.629","0.158","43","157","1","2","12","2","0","1","1",".228",".425",".273",".301",".273",".197","90.9","17.3",33.6,38,13.3,7.3,25.2,46.9,"101.727337413","95.336562491",32.9,52.2
"Wallner, Matt",670242,2025,27,336,392,68,27,16,3,22,114,46,29.1,11.7,".202",".464",".311","0.775","0.262","40","156","3","4","3","8","0","0","2",".205",".437",".334",".327",".314",".232","91","21.1",33.9,31,13.8,10.3,14.3,45.5,"102.7851575","95.761244395",35.5,50.5
"Trout, Mike",545361,2025,33,456,556,106,65,14,1,26,178,87,32,15.6,".232",".439",".359","0.798","0.207","64","200","0","2","7","6","10","0","6",".236",".474",".343",".358",".364",".239","90.9","17.5",44.4,45,15.8,8.5,25.4,49.3,"103.439903451","96.179463887",29.9,38.8
"Lukes, Nathan",664770,2025,30,388,438,99,66,19,2,12,60,38,13.7,8.7,".255",".407",".323","0.730","0.152","65","158","4","2","12","2","2","7","3",".259",".392",".317",".315",".327",".133","87.9","11.2",30.8,16,4.7,5.3,25.4,37,"98.285858221","93.26684546",14,48.9
"Mullins, Cedric",656775,2025,30,435,498,94,53,23,1,17,120,50,24.1,10,".216",".391",".299","0.690","0.175","59","170","4","22","2","4","0","3","6",".207",".340",".302",".284",".294",".133","88.8","23.3",32.7,20,6.2,6.5,23.8,35.9,"98.760333806","93.525071065",23.1,48.3
"McCutchen, Andrew",457705,2025,38,477,551,114,79,22,0,13,118,67,21.4,12.2,".239",".367",".333","0.700","0.128","57","175","1","1","12","2","5","0","3",".258",".415",".309",".333",".350",".157","89.5","14.5",34.5,30,8.3,6.6,28.5,42.5,"100.124243278","94.328514568",26.2,45.6
"Marte, Noelvi",682622,2025,23,339,360,89,56,17,2,14,85,16,23.6,4.4,".263",".448",".300","0.748","0.185","51","152","3","10","7","3","0","0","2",".245",".418",".321",".304",".285",".173","88.5","12.7",32,23,9,5.5,23.4,36.3,"99.982802857","94.081349283",27.1,51.8
"Thomas, Alek",677950,2025,25,433,469,108,77,19,3,9,122,21,26,4.5,".249",".370",".289","0.659","0.121","38","160","4","7","2","5","0","6","4",".242",".372",".287",".289",".285",".130","89.6","4.2",27.7,25,7.8,5.3,24.3,39.3,"100.704408917","94.569621821",28.7,52.9
"Holliday, Jackson",702616,2025,21,586,649,142,101,21,3,17,140,56,21.6,8.6,".242",".375",".314","0.689","0.133","55","220","11","17","4","6","1","0","1",".241",".404",".304",".314",".313",".163","88.8","8.9",32.4,35,7.8,6.5,24.2,40.8,"99.642935225","94.03038741",24.5,47.1
"Fraley, Jake",641584,2025,30,191,217,46,31,9,0,6,49,25,22.6,11.5,".241",".382",".332","0.714","0.141","23","73","3","4","1","1","1","0","0",".248",".369",".316",".315",".338",".121","85.2","17.8",39.4,7,4.9,5.6,27.5,34.5,"98.280407465","93.180021915",24.2,47
"Hernández, Heriberto",681715,2025,25,256,294,68,45,12,1,10,77,31,26.2,10.5,".266",".438",".347","0.785","0.172","45","112","1","1","6","3","0","0","4",".245",".435",".341",".334",".331",".190","90.2","14.2",29,20,10.9,7.7,25.7,45.4,"101.299416264","95.054874807",35.2,45.2
"Bellinger, Cody",641355,2025,29,588,656,160,101,25,5,29,90,57,13.7,8.7,".272",".480",".334","0.814","0.208","98","282","2","13","8","2","1","0","9",".254",".430",".347",".327",".320",".176","88.3","18.5",37.1,38,7.5,8.5,22.9,37.9,"98.690370317","93.444149405",18.1,48.3
"Peraza, Oswald",672724,2025,25,244,265,40,29,6,0,5,80,17,30.2,6.4,".164",".250",".223","0.473","0.086","20","61","0","9","6","2","0","0","1",".194",".306",".214",".248",".252",".112","87.1","8",29.7,11,6.7,3.6,21.8,38.8,"100.200491975","94.259031543",33.3,52.9
"Shaw, Matt",807713,2025,23,393,437,89,52,21,3,13,94,38,21.5,8.7,".226",".394",".295","0.689","0.168","44","155","5","17","2","2","0","0","4",".237",".375",".300",".302",".307",".138","84.9","13.4",35.3,21,6.9,7.3,21.5,29.4,"96.793366467","92.432072809",22.5,48
"Cronenworth, Jake",630105,2025,31,419,515,103,71,20,1,11,107,69,20.8,13.4,".246",".377",".367","0.744","0.131","59","158","3","3","4","15","1","4","7",".225",".353",".333",".319",".352",".128","88.5","14.9",31.9,20,6.2,4.3,24.5,39,"99.15448481","93.790989905",18.8,42.7
"Bichette, Bo",666182,2025,27,582,628,181,118,44,1,18,91,40,14.5,6.4,".311",".483",".357","0.840","0.172","94","281","3","4","17","3","2","0","3",".295",".473",".361",".353",".344",".179","91","8.2",37.9,39,7.9,9.1,26.5,48.8,"101.819073862","95.502667967",18.4,53.1
"Polanco, Jorge",593871,2025,31,471,524,125,69,30,0,26,82,42,15.6,8,".265",".495",".326","0.821","0.230","78","233","3","6","7","3","1","3","5",".266",".464",".350",".343",".329",".198","90.8","16.7",34.3,41,10.3,7.6,22.4,45.8,"101.532444745","95.138197245",23.3,46.3
"Ritter, Ryan",690022,2025,24,187,207,45,32,9,3,1,61,10,29.5,4.8,".241",".337",".296","0.633","0.096","18","63","1","3","7","5","0","4","1",".211",".276",".280",".248",".270",".066","85.2","7.4",30.5,2,1.5,5.3,26,30.5,"96.732699677","92.401848618",35.4,54.1
"Rice, Ben",700250,2025,26,467,530,119,61,28,4,26,100,50,18.9,9.4,".255",".499",".337","0.836","0.244","65","233","2","3","18","9","0","0","2",".283",".557",".358",".394",".365",".273","93.3","14.2",39.3,57,15.4,8.7,22.8,56.1,"104.138238152","97.178139076",21.2,43.3
"Díaz, Elias",553869,2025,34,255,283,52,36,7,0,9,74,21,26.1,7.4,".204",".337",".270","0.607","0.133","29","86","0","0","11","2","0","5","0",".202",".333",".269",".267",".269",".131","88.4","17.7",30.1,14,7.5,4.8,22,38.7,"100.068601667","94.206191006",34.2,52
"Teel, Kyle",691019,2025,23,253,297,69,50,11,0,8,77,37,25.9,12.5,".273",".411",".375","0.786","0.138","35","104","1","3","1","5","0","1","1",".237",".416",".349",".337",".345",".179","88.3","14.4",47.8,17,9.6,7.9,28.1,37.6,"99.256241023","93.683455455",29.1,44.6
"Sheets, Gavin",657757,2025,29,492,545,124,76,28,1,19,107,44,19.6,8.1,".252",".429",".317","0.746","0.177","71","211","1","2","9","5","1","0","4",".263",".453",".323",".340",".331",".190","89.9","14",38.8,37,9.5,7.7,24.2,46.5,"101.199157732","94.955729845",23,44.7
"Stowers, Kyle",669065,2025,27,399,457,115,66,21,3,25,125,48,27.4,10.5,".288",".544",".368","0.912","0.256","73","217","1","5","6","5","3","1","4",".265",".537",".386",".375",".349",".272","91.1","14.1",38,53,19,5.7,24,52,"103.093111727","96.214876787",32.5,54
"Rafaela, Ceddanne",678882,2025,24,546,587,136,82,34,4,16,117,28,19.9,4.8,".249",".414",".295","0.709","0.165","63","226","5","20","9","8","0","3","2",".242",".416",".307",".305",".289",".174","88.3","12.8",32.3,40,9.2,5.5,22.8,38.7,"99.637036837","93.97214993",26.8,58.9
"Schanuel, Nolan",694384,2025,23,488,564,129,93,23,1,12,71,59,12.6,10.5,".264",".389",".353","0.742","0.125","53","190","1","5","10","10","4","3","4",".262",".388",".327",".327",".352",".126","87.5","13.2",38,19,4.5,5.2,26.9,29,"96.61346119","92.362165704",15,45.2
"Davis, Henry",680779,2025,25,252,283,42,28,7,0,7,76,18,26.9,6.4,".167",".278",".234","0.512","0.111","22","70","1","2","2","5","0","3","3",".213",".389",".229",".293",".279",".176","88.6","23.3",33,21,11.5,3.8,22.5,37.4,"100.464622889","94.376065531",28.9,55.3
"Jung, Josh",673962,2025,27,482,511,121,83,23,1,14,129,27,25.2,5.3,".251",".390",".294","0.684","0.139","61","188","1","4","10","2","0","0","0",".245",".414",".298",".304",".288",".169","89.3","12.8",39.4,29,8.2,9.3,26.9,46.7,"100.8140564","94.816045657",25.4,51.1
"Goldschmidt, Paul",502671,2025,37,489,534,134,92,31,1,10,100,36,18.7,6.7,".274",".403",".328","0.731","0.129","45","197","1","5","8","4","5","0","2",".266",".450",".316",".329",".321",".184","90.4","15.9",36.1,31,7.9,7.7,26.3,43.7,"100.708316256","94.748625913",20.5,47.8
"Herrera, Jose",645444,2025,28,166,204,31,23,6,0,2,47,23,23,11.3,".187",".259",".285","0.544","0.072","17","43","0","0","2","1","0","11","3",".169",".225",".251",".237",".273",".056","83.9","16.2",30.8,1,0.8,8.3,19.5,22.6,"94.05191082","91.19759124",21.1,38.8
"Gurriel Jr., Lourdes",666971,2025,31,500,546,124,79,24,2,19,76,31,13.9,5.7,".248",".418",".295","0.713","0.170","80","209","4","10","11","6","0","0","9",".256",".420",".307",".315",".306",".164","87.8","16.3",37.4,31,7.2,5.5,24.5,38.3,"99.058751759","93.630561528",20.2,52.3
"Gorman, Nolan",669357,2025,25,351,402,72,43,14,1,14,136,47,33.8,11.7,".205",".370",".296","0.666","0.165","46","130","1","1","1","0","2","0","4",".196",".386",".292",".296",".290",".190","89.6","22.3",39.3,20,9.1,11,21,41.1,"100.473005926","94.520283241",34.6,47.4
"Naylor, Bo",666310,2025,25,359,414,70,33,22,1,14,99,45,23.9,10.9,".195",".379",".282","0.661","0.184","47","136","2","1","4","1","0","3","6",".201",".371",".289",".292",".291",".169","89.6","21.3",36.8,26,9.7,8.6,18.6,38.3,"99.633649773","94.100167452",22,47.1
"Nootbaar, Lars",663457,2025,27,509,583,119,81,24,1,13,119,64,20.4,11,".234",".361",".325","0.686","0.127","48","184","5","4","4","6","3","1","3",".231",".400",".304",".317",".323",".169","91.3","16.5",33,40,10.2,7.4,20.6,50,"101.938818418","95.520290383",20.9,39.4
"Stephenson, Tyler",663886,2025,28,299,342,69,38,18,0,13,116,37,33.9,10.8,".231",".421",".316","0.737","0.190","50","126","1","0","4","2","1","0","4",".216",".413",".319",".313",".306",".197","90.5","12.9",42.2,27,14.4,7,25.7,49.2,"100.887212903","94.951515484",30.6,43.6
"O'Neill, Tyler",641933,2025,30,181,209,36,20,6,1,9,51,22,24.4,10.5,".199",".392",".292","0.684","0.193","26","71","0","4","2","3","1","0","3",".243",".523",".297",".360",".331",".280","88.8","22.2",34.6,22,16.5,5.3,21.1,39.1,"100.510865075","94.485570376",31.4,47.4
"Peña, Jeremy",665161,2025,27,493,543,150,101,30,2,17,93,35,17.1,6.4,".304",".477",".363","0.840","0.173","62","235","2","20","9","12","2","1","2",".270",".432",".363",".334",".333",".162","88.9","8.9",30,33,8.2,5.7,24.8,42.9,"100.3500578","94.382263083",27.1,51
"Verdugo, Alex",657077,2025,29,197,213,47,37,10,0,0,31,14,14.6,6.6,".239",".289",".296","0.585","0.050","12","57","0","1","1","2","0","0","0",".266",".369",".264",".306",".322",".103","89.9","9.9",34.9,5,3,7.2,28.3,42.8,"99.887519759","94.267966303",14.4,38.6
"Schneemann, Daniel",682177,2025,28,379,422,78,47,18,1,12,117,38,27.7,9,".206",".354",".283","0.637","0.148","41","134","3","9","4","3","1","1","1",".215",".387",".280",".297",".291",".173","88.9","10.9",32.6,30,11.4,5.3,20.8,41.7,"99.967612231","94.233244324",29.6,45.4
"Edman, Tommy",669242,2025,30,346,377,78,51,13,1,13,61,19,16.2,5,".225",".382",".274","0.656","0.157","49","132","1","3","4","6","0","1","5",".274",".411",".284",".321",".322",".137","88.3","11.8",33.3,13,4.5,6.2,27.8,39.9,"99.368114861","93.911672648",19.8,48
"Heim, Jonah",641680,2025,30,395,433,84,59,14,0,11,88,32,20.3,7.4,".213",".332",".271","0.603","0.119","43","131","0","3","10","1","0","1","4",".219",".346",".266",".276",".279",".127","88.1","14.5",33.3,19,6.1,5.8,25,35.9,"98.278415548","93.298205016",24.2,49.7
"Ramos, Heliot",671218,2025,25,620,695,159,113,24,1,21,158,52,22.7,7.5,".256",".400",".328","0.728","0.144","69","248","4","6","16","17","2","0","6",".242",".417",".319",".320",".317",".175","91.8","11.5",32.5,41,8.8,7.9,22.4,47.4,"102.515755862","95.752323082",25.3,47.8
"Sosa, Lenyn",672820,2025,25,518,544,137,94,20,1,22,127,18,23.3,3.3,".264",".434",".293","0.727","0.170","75","225","1","2","11","4","0","1","3",".263",".467",".313",".326",".293",".204","90.7","18.4",39.2,41,10.4,6.8,27.1,43.8,"100.914668265","94.870690765",23.5,51
"Witt Jr., Bobby",677951,2025,25,623,687,184,108,47,6,23,125,49,18.2,7.1,".295",".501",".351","0.852","0.206","88","312","9","38","7","8","8","0","7",".285",".508",".360",".365",".347",".222","93.3","15.2",35.4,63,12.5,6.7,24.6,48.5,"103.906232271","96.610542829",23.9,51.1
"Acuña Jr., Ronald",660670,2025,27,338,412,98,64,12,1,21,102,71,24.8,17.2,".290",".518",".417","0.935","0.228","42","175","1","9","5","3","4","0","0",".263",".535",".403",".397",".396",".272","92.7","13.3",30.9,37,15.7,5.5,22,52.5,"105.047340254","97.260763686",30.3,46.2
"Mangum, Jake",663968,2025,29,405,428,120,98,18,1,3,64,19,15,4.4,".296",".368",".330","0.698","0.072","40","149","6","27","4","2","0","1","1",".251",".336",".307",".276",".288",".085","87.3","-0.7",26.5,9,2.6,4.7,22.7,33.4,"97.795184639","92.979726627",18.9,62.1
"Frelick, Sal",686217,2025,25,528,594,152,117,20,3,12,80,47,13.5,7.9,".288",".405",".351","0.756","0.117","63","214","6","19","4","7","0","3","5",".255",".339",".332",".299",".324",".084","85.5","12.1",30.7,14,3.1,2.9,26.1,27.4,"96.058504215","92.02970778",12.8,44.1
"Adams, Riley",656180,2025,29,263,286,49,33,8,0,8,110,18,38.5,6.3,".186",".308",".252","0.560","0.122","24","81","0","1","6","5","0","0","0",".208",".350",".250",".275",".272",".142","91.8","9.1",31.4,16,10.5,9.2,30.7,52.3,"103.494352237","96.418372697",34.6,48.3
"Saggese, Thomas",695336,2025,23,275,295,71,52,17,0,2,83,16,28.1,5.4,".258",".342",".299","0.641","0.084","25","94","0","3","5","1","0","1","2",".239",".350",".282",".280",".284",".111","90.2","12.9",39,11,5.6,5.6,31.3,44.1,"99.925035361","94.561153679",26.5,50.3
"Moniak, Mickey",666160,2025,27,434,461,117,65,20,8,24,110,22,23.9,4.8,".270",".518",".306","0.824","0.248","68","225","3","9","4","2","1","0","3",".262",".497",".348",".337",".299",".235","89.7","17.4",37.6,45,13.8,7.3,25.1,45.3,"101.40795773","95.080857415",28.2,56.5
"Chourio, Jackson",694192,2025,21,549,589,148,88,35,4,21,121,30,20.5,5.1,".270",".463",".308","0.771","0.193","78","254","7","21","13","3","1","1","6",".247",".426",".328",".307",".288",".179","89.3","10.6",34,42,9.7,6.7,20.5,42.3,"101.15634963","94.875813411",26,53.4
"Soto, Juan",665742,2025,26,577,715,152,88,20,1,43,137,127,19.2,17.8,".263",".525",".396","0.921","0.262","105","303","4","38","17","3","13","1","6",".288",".608",".390",".429",".417",".321","93.8","12",32.9,81,18.1,7.8,22.4,55.3,"104.539509412","97.232619389",22.4,35.5
"d'Arnaud, Travis",518595,2025,36,213,231,42,23,13,0,6,74,13,32,5.6,".197",".343",".255","0.598","0.146","21","73","0","0","5","4","0","0","1",".194",".362",".263",".271",".254",".168","88.2","17.9",34.3,16,11.4,7.9,20.7,37.9,"99.193355143","93.8755725",31.9,54.2
"Taylor, Michael A.",572191,2025,34,295,325,59,29,20,1,9,110,23,33.8,7.1,".200",".366",".259","0.625","0.166","35","108","3","8","7","1","1","4","2",".186",".380",".270",".271",".248",".194","90.8","17.9",37.2,20,10.5,12,13.1,42.9,"101.676094494","95.232601638",37.7,51.3
"Murphy, Sean",669221,2025,30,291,337,58,29,13,0,16,105,35,31.2,10.4,".199",".409",".300","0.709","0.210","45","119","0","0","9","8","1","0","3",".201",".408",".309",".314",".306",".207","89.1","10.6",30.2,25,13.2,7.4,20.1,43.1,"102.033985426","95.22279861",32.3,47.9
"Arias, Gabriel",672356,2025,25,432,471,95,57,25,2,11,162,27,34.4,5.7,".220",".363",".274","0.637","0.143","54","157","4","8","8","7","1","1","4",".214",".385",".278",".286",".272",".171","90.2","6.1",33.8,31,11.3,6.5,21.5,43.3,"102.355979412","95.517852978",40.5,57.3
"Kiner-Falefa, Isiah",643396,2025,30,431,459,113,88,21,2,2,77,17,16.8,3.7,".262",".334",".297","0.631","0.072","40","144","4","15","9","5","0","5","1",".245",".304",".279",".262",".281",".059","84.6","4",29.7,5,1.4,3.1,25.8,27.5,"95.949940457","91.999728395",15.1,49.1
"Farmer, Kyle",571657,2025,34,277,300,63,41,14,0,8,66,17,22,5.7,".227",".365",".280","0.645","0.138","31","101","1","0","9","4","0","0","2",".228",".353",".282",".285",".284",".126","87","15.3",37.6,13,6.1,8,24.4,35.2,"97.85606783","93.102847062",21.5,48.5
"Kwan, Steven",680757,2025,27,625,693,170,129,29,1,11,60,55,8.7,7.9,".272",".374",".330","0.704","0.102","56","234","5","21","3","3","2","3","7",".273",".366",".310",".310",".334",".093","86.2","15.6",39.7,11,1.9,3.7,28.5,19.3,"94.357794321","91.185631109",8.7,41.9
"Torkelson, Spencer",679529,2025,25,563,649,135,76,27,1,31,169,72,26,11.1,".240",".456",".333","0.789","0.216","78","257","1","2","12","9","6","0","5",".226",".456",".339",".334",".322",".230","90.2","23.1",39.3,54,13.5,7.8,21.1,45.1,"100.7921562","94.776285589",26.9,44.6
"Langford, Wyatt",694671,2025,23,489,573,118,70,25,1,22,151,74,26.4,12.9,".241",".431",".344","0.775","0.190","62","211","6","22","9","5","3","0","5",".239",".448",".337",".346",".344",".210","91.4","17.5",35.9,48,14,6.1,22.7,48.4,"102.369966744","95.79834863",26.3,43
"Adames, Willy",642715,2025,29,591,686,133,79,22,2,30,179,80,26.1,11.7,".225",".421",".318","0.739","0.196","87","249","4","12","9","5","2","0","9",".224",".435",".321",".327",".319",".211","88.9","21.1",35.6,53,12.6,6.9,23.8,42.8,"99.897786476","94.18327716",29.2,46.7
"Gonzalez, Romy",663853,2025,28,315,341,96,61,23,3,9,81,18,23.8,5.3,".305",".483",".343","0.826","0.178","53","152","5","6","8","3","1","0","5",".276",".480",".352",".344",".320",".204","93.3","5.5",33.5,30,12.6,5.9,23.8,57.3,"104.23239437","97.196095588",29.3,54
"Torres, Gleyber",650402,2025,28,532,628,136,98,22,0,16,101,85,16.1,13.5,".256",".387",".358","0.745","0.131","74","206","1","4","11","4","0","0","7",".269",".462",".332",".363",".372",".193","90","14.3",38.6,36,8.2,8.2,26.5,39,"99.951681689","94.284674897",19.5,40.8
"Dubón, Mauricio",643289,2025,30,369,398,89,61,21,0,7,42,24,10.6,6,".241",".355",".289","0.644","0.114","33","131","0","3","12","1","0","3","1",".247",".331",".283",".278",".294",".084","84.5","13.1",31.7,4,1.2,4.5,26.3,26.3,"95.584607","91.821087031",15.8,54.2
"Duran, Jarren",680776,2025,28,620,696,159,89,41,13,16,169,60,24.3,8.6,".256",".442",".332","0.774","0.186","84","274","6","24","6","12","1","1","3",".248",".410",".335",".326",".327",".162","91.8","12",34.5,44,9.7,7.9,23.3,46.8,"103.158389163","96.0558783",29.3,47.2
"Hernández, Teoscar",606192,2025,32,511,546,126,71,29,1,25,134,26,24.5,4.8,".247",".454",".284","0.738","0.207","89","232","2","5","13","3","0","0","5",".250",".455",".315",".323",".291",".206","90.2","9.9",34,44,11.5,8.4,20.9,46.1,"101.752887801","95.144195209",31.9,50.4
"Alonso, Pete",624413,2025,30,624,709,170,90,41,1,38,162,61,22.8,8.6,".272",".524",".347","0.871","0.252","126","327","2","1","23","15","5","0","9",".274",".572",".368",".386",".349",".299","93.5","15.4",38.4,89,18.9,7.9,20.4,54.4,"105.076411532","97.45647",25.6,46.3
"Baldwin, Drake",686948,2025,24,405,446,111,72,18,2,19,68,38,15.2,8.5,".274",".469",".341","0.810","0.195","80","190","0","0","9","3","0","0","0",".272",".480",".351",".353",".339",".208","91.7","6.5",33.8,37,11,5.6,23.7,49.6,"102.167061775","95.60419003",19.5,49.5
"Stanton, Giancarlo",519317,2025,35,249,281,68,36,8,0,24,96,29,34.2,10.3,".273",".594",".350","0.944","0.321","66","148","0","0","5","1","3","0","1",".235",".520",".395",".354",".318",".285","94.4","17.5",35.7,34,22.1,7.1,16.9,55.2,"107.633614026","98.832539221",37.4,41.4
"Tellez, Rowdy",642133,2025,30,289,312,66,38,11,0,17,83,17,26.6,5.4,".228",".443",".276","0.719","0.215","49","128","0","1","9","3","0","0","3",".234",".479",".307",".328",".286",".245","91.2","14.8",36.8,32,15.3,4.8,20.1,46.4,"102.566534381","95.772612919",28.1,44.9
"Bregman, Alex",608324,2025,31,433,495,118,72,28,0,18,70,51,14.1,10.3,".273",".462",".360","0.822","0.189","62","200","1","1","12","9","3","0","2",".254",".427",".356",".337",".344",".174","90.1","17.7",32.9,24,6.6,8.5,25.2,44.4,"99.354701257","94.200430932",15,40.6
"Rojas, Josh",668942,2025,31,189,211,34,23,9,0,2,48,19,22.7,9,".180",".259",".252","0.511","0.079","11","49","1","4","6","0","0","1","2",".209",".305",".232",".263",".281",".096","89.6","13.4",30.6,5,3.5,9,22.9,36.8,"98.368843714","93.541469143",23.1,46.2
"Montgomery, Colson",695657,2025,23,255,284,61,30,9,1,21,83,25,29.2,8.8,".239",".529",".311","0.840","0.290","55","135","0","0","3","2","1","0","1",".230",".501",".355",".341",".303",".271","89.4","18",35.8,25,14.5,9.2,20.8,44.5,"103.036108506","95.789749711",31.5,50.7
"Barger, Addison",680718,2025,25,460,502,112,58,32,1,21,121,36,24.1,7.2,".243",".454",".301","0.755","0.211","74","209","1","4","8","3","4","0","2",".255",".462",".322",".331",".313",".207","91.7","11.9",35.5,39,11.4,6.7,26.7,51,"103.716706784","96.416377947",26.1,49.2
"Díaz, Yandy",650490,2025,33,583,651,175,120,29,1,25,92,57,14.1,8.8,".300",".482",".366","0.848","0.182","83","281","1","3","12","6","4","0","5",".285",".459",".364",".353",".355",".174","93","5",29.2,41,8.3,7.9,24.6,52.5,"104.837007886","97.11235376",17.9,44.4
"Ortiz, Joey",687401,2025,26,470,506,108,82,18,1,7,74,27,14.6,5.3,".230",".317",".276","0.593","0.087","45","149","3","14","10","3","0","6","0",".245",".327",".263",".275",".290",".082","84.9","13.3",27.4,12,3,3.5,23.9,32.8,"97.991058051","93.026599357",16,46.8
"Edwards, Xavier",669364,2025,25,561,619,159,131,20,5,3,88,49,14.2,7.9,".283",".353",".343","0.696","0.070","43","198","7","27","6","3","2","3","3",".262",".332",".308",".295",".325",".069","86.8","8.2",33.6,4,0.8,3.3,30.3,29.4,"96.768424561","92.424991053",12.2,49
"Soler, Jorge",624585,2025,33,279,315,60,36,12,0,12,94,28,29.8,8.9,".215",".387",".293","0.680","0.172","34","108","0","0","5","4","0","0","3",".204",".387",".298",".294",".285",".183","89.7","13.8",31.9,24,12.8,4.3,18.6,42,"101.751590213","95.016723457",30.1,44.5
"Volpe, Anthony",683011,2025,24,539,596,114,59,32,4,19,150,43,25.2,7.2,".212",".391",".272","0.663","0.179","72","211","8","18","10","4","0","3","7",".223",".405",".286",".301",".284",".182","89.3","12.4",34.6,42,10.5,7.8,21.1,41.9,"100.214381212","94.48835443",25.1,45.9
"Duran, Ezequiel",677649,2025,26,205,219,46,32,14,0,0,55,8,25.1,3.7,".224",".293",".266","0.559","0.069","14","60","2","11","3","4","0","1","1",".214",".295",".249",".247",".258",".081","85.3","15.2",30.3,4,2.6,4.6,24.3,30.9,"97.791035753","92.897366027",24.4,54.3
"Winn, Masyn",691026,2025,23,491,537,124,88,27,0,9,102,34,19,6.3,".253",".363",".310","0.673","0.110","51","178","5","9","11","8","0","2","2",".240",".347",".297",".286",".298",".107","88.3","16",31.3,19,4.8,4.8,24.9,34.6,"98.797379897","93.446512558",19.6,45.3
"Arenado, Nolan",571448,2025,34,401,436,95,64,18,1,12,49,28,11.2,6.4,".237",".377",".289","0.666","0.140","52","151","0","3","10","3","4","0","4",".245",".366",".287",".289",".298",".122","86.8","19",31.5,14,3.9,5.1,23.3,32.6,"97.232838983","92.648981303",17.9,49.1
"Morel, Christopher",666624,2025,26,278,305,61,34,16,0,11,109,25,35.7,8.2,".219",".396",".289","0.685","0.177","33","110","2","7","8","2","0","0","0",".213",".420",".299",".304",".283",".207","91.8","17",33.7,25,14.8,7.7,22.5,49.7,"103.283549405","96.313953036",38.9,53.8
"Freeman, Tyler",671289,2025,26,377,428,106,82,20,2,2,51,34,11.9,7.9,".281",".361",".354","0.715","0.080","31","136","9","18","10","11","0","2","4",".278",".367",".319",".325",".355",".088","90.1","7.9",30.7,7,2.1,4.8,27.4,40.4,"99.694809259","94.1276813",12.5,46.1
"Andujar, Miguel",609280,2025,30,321,341,102,74,17,1,10,49,17,14.4,5,".318",".470",".352","0.822","0.152","44","151","0","1","8","1","1","0","2",".259",".383",".354",".298",".299",".124","88","11",31.8,13,4.7,6.2,24.5,35.4,"98.982146397","93.528504007",17.8,53.5
"Marte, Starling",516782,2025,36,293,329,79,56,14,0,9,68,22,20.7,6.7,".270",".410",".335","0.745","0.140","34","120","2","7","7","9","0","1","4",".248",".397",".326",".319",".322",".149","87.6","10",32.6,18,7.8,6.1,23.5,40.4,"100.870151441","94.586623167",26.4,49.7
"Soderstrom, Tyler",691016,2025,23,561,624,155,95,34,1,25,141,55,22.6,8.8,".276",".474",".346","0.820","0.198","93","266","3","8","18","6","2","0","2",".261",".457",".354",".341",".333",".196","91.6","7.9",34.4,48,11.4,6.9,25.4,49.8,"103.023677143","96.015814678",25.4,48.9
"Profar, Jurickson",595777,2025,32,318,371,78,47,16,1,14,59,48,15.9,12.9,".245",".434",".353","0.787","0.189","43","138","2","9","4","5","0","0","0",".230",".390",".346",".325",".341",".160","89","20",27,19,7.3,6.2,23.2,40.3,"99.565421094","94.049759844",16.9,44.7
"DeJong, Paul",657557,2025,31,193,208,44,28,10,0,6,70,11,33.7,5.3,".228",".373",".269","0.642","0.145","23","72","0","4","3","1","0","0","3",".194",".351",".278",".259",".241",".157","88.1","22.7",37.3,13,10.3,8.7,19.8,39.7,"99.616800317","93.875351032",33.2,57.2
"Pérez, Wenceel",672761,2025,25,344,383,84,50,17,4,13,87,31,22.7,8.1,".244",".430",".308","0.738","0.186","43","148","3","8","5","3","0","0","5",".242",".393",".318",".310",".309",".152","90.3","18.4",37.8,23,8.8,6.9,25.2,40.1,"99.315106565","93.97487416",26,49.3
"Simpson, Chandler",802415,2025,24,414,441,122,104,15,3,0,43,20,9.8,4.5,".295",".345",".326","0.671","0.050","26","143","12","44","10","0","0","3","2",".295",".336",".296",".297",".328",".041","84.3","0.5",29.8,0,0,0.3,30.3,17.3,"93.5904715","90.810575972",11.5,48.6
"Frazier, Adam",624428,2025,33,419,459,112,85,20,0,7,81,26,17.6,5.7,".267",".365",".319","0.684","0.098","44","153","6","8","8","8","2","1","5",".244",".333",".300",".279",".298",".090","85.3","14.5",39.5,7,2,5.8,27.3,20.6,"94.597659294","91.299166588",19.7,51.3
"Friedl, TJ",670770,2025,29,579,685,151,113,22,2,14,115,81,16.8,11.8,".261",".378",".364","0.742","0.117","53","219","3","12","7","16","0","4","5",".231",".321",".333",".303",".340",".090","87.1","14.3",33.4,13,2.7,4.2,26.8,32.1,"97.485236416","92.822655233",17.5,39.2
"Caglianone, Jac",695506,2025,22,210,232,33,19,6,1,7,52,18,22.4,7.8,".157",".295",".237","0.532","0.138","18","62","0","1","4","4","0","0","0",".237",".431",".239",".321",".309",".194","89.4","4.1",29.7,19,12,7.6,17.1,42.4,"102.891404557","95.64711057",26.8,51.3
"Manzardo, Kyle",700932,2025,24,470,531,110,62,19,2,27,135,48,25.4,9,".234",".455",".313","0.768","0.221","70","214","0","2","7","8","2","0","5",".224",".443",".329",".322",".305",".220","90.3","21.3",37.1,40,11.8,8.5,23.8,43.8,"100.114470588","94.531639086",27.7,48.4
"Chisholm Jr., Jazz",665862,2025,27,462,531,112,65,15,1,31,148,58,27.9,10.9,".242",".481",".332","0.813","0.239","80","222","8","31","3","6","1","1","4",".234",".481",".349",".346",".325",".247","89","15.8",32.6,48,15,6,20.1,43.3,"100.93875057","94.67092819",32.2,47.1
"Rojas, Miguel",500743,2025,36,290,317,76,51,18,0,7,46,24,14.5,7.6,".262",".397",".318","0.715","0.135","27","115","0","5","7","0","1","3","0",".249",".358",".312",".293",".306",".109","87.6","12.9",34.4,10,4,3.2,26.3,31.2,"97.377713277","92.731858692",17.9,44.9
"Hicks, Liam",689414,2025,26,332,390,82,62,13,1,6,56,43,14.4,11,".247",".346",".346","0.692","0.099","45","115","0","2","5","9","0","3","3",".244",".350",".313",".315",".346",".106","84.6","10.6",39,10,3.5,5.7,24.1,27.7,"96.015787174","92.008309275",15.1,37.4
"Abreu, Wilyer",677800,2025,26,373,417,92,53,17,0,22,101,40,24.2,9.6,".247",".469",".317","0.786","0.222","69","175","3","6","8","0","5","1","3",".243",".475",".334",".335",".315",".232","90.8","23",31.9,34,12.3,9.8,20.3,44.9,"102.379878333","95.549366836",24,52.1
"France, Ty",664034,2025,30,444,490,114,82,25,0,7,83,22,16.9,4.5,".257",".360",".320","0.680","0.103","52","160","0","1","11","21","1","0","3",".259",".425",".302",".328",".325",".166","89.5","10.5",35.2,28,7.7,6.6,27.7,44.2,"100.76941467","94.788930523",21.3,51.8
"Benintendi, Andrew",643217,2025,30,420,470,101,63,16,2,20,82,40,17.4,8.5,".240",".431",".307","0.738","0.191","63","181","0","1","5","3","2","0","6",".234",".430",".317",".320",".305",".197","88","20.1",35.8,38,11,4.4,22.1,36.9,"98.278448655","93.238830702",24.5,50.3
"Smith, Will",669257,2025,30,362,436,107,69,20,1,17,89,64,20.4,14.7,".296",".497",".404","0.901","0.201","61","180","3","2","7","5","1","0","5",".269",".496",".389",".378",".382",".227","91.3","18.4",41.7,34,12.2,8.6,27,47.1,"101.332929281","95.105303022",22.2,38.8
"Sweeney, Trey",700242,2025,25,296,326,58,44,6,2,6,92,26,28.2,8,".196",".291",".258","0.549","0.095","32","86","1","3","2","0","0","0","4",".191",".295",".245",".245",".254",".104","87.9","11.9",28.8,14,6.7,2.9,25,35.1,"98.832125049","93.46450932",28,51
"Bauers, Jake",641343,2025,29,183,218,43,27,9,0,7,59,32,27.1,14.7,".235",".399",".353","0.752","0.164","28","73","1","8","1","2","1","0","1",".237",".460",".333",".356",".357",".223","91.7","16.6",36,17,13.6,9.6,20.8,45.6,"102.321269516","95.787091138",26.4,43.1
"Hernández, Enrique",571771,2025,33,232,256,47,29,8,0,10,68,18,26.6,7,".203",".366",".255","0.621","0.163","35","85","0","0","7","0","0","1","5",".221",".394",".268",".287",".273",".173","90.3","16.3",32.9,16,9.4,4.7,22.4,37.6,"99.835463571","94.131469762",29,51.1
"Realmuto, J.T.",592663,2025,34,502,550,129,90,26,1,12,129,35,23.5,6.4,".257",".384",".315","0.699","0.127","52","193","2","8","13","9","1","0","3",".253",".411",".307",".316",".313",".158","90","11.1",36.7,33,8.8,6.1,26.9,45.5,"101.254721596","94.894975239",24.3,48.6
"Taylor, Tyrone",621438,2025,31,310,341,69,46,18,3,2,76,16,22.3,4.7,".223",".319",".279","0.598","0.096","27","99","2","12","4","9","1","3","2",".257",".364",".264",".298",".311",".107","86.5","19.4",40.6,9,3.8,7.1,29.7,35.1,"98.271444237","93.188807331",22.7,49.1
"Correa, Carlos",621043,2025,30,537,584,148,106,29,0,13,113,45,19.3,7.7,".276",".402",".332","0.734","0.126","52","216","0","0","19","1","0","0","1",".280",".439",".322",".338",".337",".159","90.5","7.3",34.6,29,6.8,6.4,27.5,45.9,"102.338902322","95.568245592",22.3,46.4
"Aranda, Jonathan",666018,2025,27,370,422,117,81,22,0,14,107,41,25.4,9.7,".316",".489",".393","0.882","0.173","59","181","2","0","9","8","3","0","3",".291",".515",".381",".382",".374",".224","93","14.5",42.1,34,12.8,8.3,33.8,54.5,"102.687689924","96.267280418",24.9,48.6
"Caballero, José",676609,2025,28,314,370,74,50,18,1,5,98,47,26.5,12.7,".236",".347",".339","0.686","0.111","36","109","11","49","1","3","0","4","2",".218",".332",".309",".299",".324",".115","86","17.4",36.5,13,5.9,5.9,23.4,30.6,"97.838589423","92.958973317",26.7,45
"García, Adolis",666969,2025,32,507,547,115,68,28,0,19,135,28,24.7,5.1,".227",".394",".271","0.665","0.167","75","200","4","13","9","5","1","0","7",".232",".427",".286",".304",".278",".195","92.1","16.3",33.2,44,11.6,6.3,22.2,46.7,"101.875197354","95.57270172",30.3,52.2
"Rengifo, Luis",650859,2025,28,501,541,119,91,16,3,9,104,33,19.2,6.1,".238",".335",".287","0.622","0.097","43","168","7","10","7","3","0","1","3",".260",".375",".275",".302",".309",".115","87.1","6.7",34.7,20,5,4,26.9,32.7,"97.798023081","92.967555404",21.9,51.6
"Perez, Salvador",521692,2025,35,597,641,141,76,35,0,30,125,28,19.5,4.4,".236",".446",".284","0.730","0.210","100","266","0","0","14","12","5","0","1",".269",".534",".311",".357",".314",".266","90","18.1",35.7,70,14.8,7.4,20.9,46.7,"102.06590789","95.318358013",26.9,57.4
"Contreras, Willson",575929,2025,33,490,563,126,74,31,1,20,142,44,25.2,7.8,".257",".447",".344","0.791","0.190","80","219","1","5","15","23","1","1","4",".257",".488",".344",".358",".344",".231","90.6","12.3",37.1,49,13.9,7.1,22.9,49,"103.153936457","96.033080457",28.9,48.5
"Albies, Ozzie",645277,2025,28,603,667,145,104,23,2,16,94,55,14.1,8.2,".240",".365",".306","0.671","0.125","74","220","3","14","9","4","2","0","5",".243",".366",".295",".299",".310",".123","87.5","18.7",33.5,25,4.9,4.7,25.3,30.7,"96.947639144","92.546234163",20.8,54.1
"Giménez, Andrés",665926,2025,26,329,369,69,50,11,1,7,66,25,17.9,6.8,".210",".313",".285","0.598","0.103","35","103","2","12","8","11","0","1","3",".252",".361",".269",".308",".325",".109","86.3","11",32.6,8,3,6.4,26.6,27.7,"96.602269237","92.349003755",23.8,51.9
"Ramírez, José",608070,2025,32,593,673,168,101,34,3,30,74,66,11,9.8,".283",".503",".360","0.863","0.220","85","298","7","44","9","8","22","0","5",".284",".446",".359",".342",".362",".162","88.9","19.2",36.4,37,7,5.7,25.9,37,"99.107451103","93.765336362",14.9,46.8
"Pages, Andy",681624,2025,24,581,624,158,103,27,1,27,135,29,21.6,4.6,".272",".461",".313","0.774","0.189","86","268","7","14","9","8","0","0","6",".258",".428",".332",".316",".301",".170","88.6","16.9",38.9,38,8.4,6.6,27,37.2,"99.313461778","93.746068218",21.5,53.1
"Norby, Connor",681393,2025,25,311,337,78,52,17,1,8,90,18,26.7,5.3,".251",".389",".300","0.689","0.138","34","121","2","8","3","5","0","0","3",".241",".417",".300",".307",".292",".176","88.3","15.9",42,21,9.4,8,25.9,37.1,"98.764348839","93.549892377",29.3,54.2
"Keith, Colt",690993,2025,23,414,468,106,69,22,2,13,102,48,21.8,10.3,".256",".413",".333","0.746","0.157","45","171","1","1","7","2","1","0","4",".257",".444",".326",".341",".337",".187","90","13.3",41.1,29,9.2,8.9,24.7,43.7,"100.641926329","94.686217184",22.5,44.9
"Rodríguez, Julio",677594,2025,24,652,710,174,107,31,4,32,152,44,21.4,6.2,".267",".474",".324","0.798","0.207","95","309","6","30","15","12","5","0","2",".274",".483",".341",".348",".331",".209","91.8","8.5",31.5,49,9.8,8.8,23.7,48,"103.7115726","96.24062626",28.2,55.4
"Lee, Jung Hoo",808982,2025,26,560,617,149,98,31,12,8,71,47,11.5,7.6,".266",".407",".327","0.734","0.141","55","228","3","10","2","6","0","0","4",".277",".385",".320",".321",".339",".108","87.1","9.9",34.1,18,3.7,3.9,27.8,32,"97.154749061","92.638543988",13.1,44.7
"Julien, Edouard",666397,2025,26,182,208,40,27,10,0,3,61,22,29.3,10.6,".220",".324",".309","0.633","0.104","12","59","3","0","3","2","0","1","1",".242",".424",".286",".329",".329",".182","89.2","6.1",39,15,12.2,5.7,29.3,42.3,"100.268172787","94.521132377",26.1,40.3
"McMahon, Ryan",641857,2025,30,509,586,109,65,23,1,20,189,70,32.3,11.9,".214",".381",".312","0.693","0.167","53","194","1","3","7","4","1","0","3",".219",".419",".306",".322",".318",".201","93.3","13.9",35.3,39,12.1,7.4,25.4,50.5,"102.856311911","96.350240575",35.2,45.4
"Garcia, Maikel",672580,2025,25,595,666,170,110,39,5,16,84,62,12.6,9.3,".286",".449",".351","0.800","0.163","74","267","9","23","14","1","0","3","5",".276",".422",".347",".335",".343",".146","91.3","9.7",34.5,29,5.6,8.1,23.3,45.1,"101.342001641","95.068685362",15,40.1
"Tauchman, Mike",643565,2025,34,335,385,88,61,17,1,9,86,45,22.3,11.7,".263",".400",".356","0.756","0.137","40","134","0","0","5","4","0","0","1",".244",".382",".335",".321",".339",".139","89","16.5",35.6,17,6.8,7.6,24.8,38.8,"99.55421704","93.9989049",24.3,46.8
"Burger, Jake",669394,2025,29,356,376,84,52,15,1,16,93,12,24.7,3.2,".236",".419",".269","0.688","0.183","53","149","1","1","3","5","0","0","3",".246",".478",".295",".324",".280",".232","90.4","16.1",33.5,37,13.9,8.3,17.3,48.5,"103.175129323","95.834832632",29.2,55.1
"Nimmo, Brandon",607043,2025,32,587,652,154,102,27,0,25,141,50,21.6,7.7,".262",".436",".324","0.760","0.174","92","256","1","13","8","7","1","1","7",".252",".419",".329",".321",".317",".167","91.9","11.2",29.7,40,8.8,8.4,23.1,50.2,"102.56356141","95.897196556",23.8,47.2
"Yoshida, Masataka",807799,2025,31,188,205,50,35,11,0,4,24,10,11.7,4.9,".266",".388",".307","0.695","0.122","26","73","0","3","3","3","0","0","4",".270",".384",".302",".314",".317",".115","90.2","5.7",29.2,11,6.5,3.6,25.6,44,"100.498389286","94.589775269",15.4,44.5
"Ward, Taylor",621493,2025,31,579,663,132,63,31,2,36,175,75,26.4,11.3,".228",".475",".317","0.792","0.247","103","275","1","4","13","3","1","0","6",".231",".450",".339",".333",".320",".219","90.1","18",34.9,56,13.7,7.1,22.4,42.7,"100.944753902","94.843614171",23.8,37.6
"Jeffers, Ryan",680777,2025,28,406,464,108,73,26,0,9,91,50,19.6,10.8,".266",".397",".356","0.753","0.131","47","161","1","1","9","7","1","0","1",".243",".400",".333",".325",".336",".157","89.3","15",33.5,20,6.3,10.8,24.4,42.1,"100.809316139","94.578274032",21.1,38.9
"Refsnyder, Rob",608701,2025,34,182,209,49,28,12,0,9,54,24,25.8,11.5,".269",".484",".354","0.838","0.215","30","88","0","3","6","1","1","0","2",".243",".457",".359",".338",".331",".214","92","12.1",34.6,16,12.3,9.2,23.8,52.3,"102.333693385","95.943907308",25.3,40.9
"Castellanos, Nick",592206,2025,33,547,589,137,91,27,2,17,133,32,22.6,5.4,".250",".400",".294","0.694","0.150","72","219","0","4","13","4","0","0","6",".242",".408",".300",".302",".290",".165","87.8","15.2",39,32,7.6,6.9,26.4,34.5,"98.623467608","93.407329952",29.9,58.8
"Schmitt, Casey",669477,2025,26,312,348,74,47,15,0,12,83,27,23.9,7.8,".237",".401",".305","0.706","0.164","40","125","0","0","6","5","1","1","3",".256",".436",".307",".328",".323",".180","89.5","19.2",40.3,21,9,9,27,43.8,"100.706954224","94.593324009",25.8,51.6
"Lile, Daylen",695734,2025,22,321,351,96,61,15,11,9,56,21,16,6,".299",".498",".347","0.845","0.199","41","160","6","8","5","4","0","1","3",".302",".449",".360",".348",".350",".146","88.9","15",44.2,14,5.2,10,32,40.1,"99.156241493","93.671687761",18.9,52.2
"Espinal, Santiago",669289,2025,30,301,328,73,61,12,0,0,38,21,11.6,6.4,".243",".282",".292","0.574","0.039","16","85","1","2","11","1","0","3","2",".229",".287",".259",".254",".280",".059","86.5","15.1",31.3,2,0.7,3.7,26.5,25.7,"95.861426183","91.96218977",14.1,45.2
"Carpenter, Kerry",681481,2025,27,433,464,109,60,18,5,26,106,18,22.8,3.9,".252",".497",".291","0.788","0.245","62","215","1","1","3","7","0","0","2",".252",".493",".335",".335",".294",".241","91.4","21",37.4,41,12.5,7.6,23.1,46.8,"101.150892761","95.204968523",26.2,52.9
"Fortes, Nick",663743,2025,28,218,242,50,35,9,1,5,47,14,19.4,5.8,".229",".349",".296","0.645","0.120","21","76","0","1","7","7","0","2","1",".215",".322",".286",".270",".282",".107","87.5","13.4",29.9,8,4.6,7.5,22.4,37.9,"99.24272869","93.641201726",18.9,47.5
"Reynolds, Bryan",668804,2025,30,587,654,144,87,38,3,16,173,57,26.5,8.7,".245",".402",".318","0.720","0.157","73","236","2","3","15","7","1","0","3",".259",".447",".315",".338",".331",".189","91.2","7.3",38.4,42,10.1,9.1,27.1,46,"101.932535192","95.465817885",29.4,49.6
"Sanoja, Javier",691594,2025,22,313,342,76,44,22,4,6,41,19,12,5.6,".243",".396",".287","0.683","0.153","38","124","5","6","2","2","0","4","4",".251",".342",".294",".282",".296",".090","88.5","10.8",31.8,5,1.8,6.1,25.7,35,"98.289398881","93.337097491",12.4,46.9
"Betts, Mookie",605141,2025,32,589,663,152,107,23,2,20,68,61,10.3,9.2,".258",".406",".326","0.732","0.148","82","239","2","8","15","3","2","0","10",".267",".422",".318",".330",".335",".156","89.1","18",37.7,29,5.5,7.2,26.9,35.8,"98.069345714","93.262709925",15.3,41.2
"Rooker, Brent",667670,2025,30,626,699,164,91,40,3,30,155,65,22.2,9.3,".262",".479",".335","0.814","0.217","89","300","1","6","13","5","4","0","2",".261",".489",".349",".351",".334",".228","90.7","16.4",39.7,65,13.7,6.6,24.7,44.8,"101.348762785","95.08004389",30.8,50
"Pederson, Joc",592626,2025,33,265,306,48,28,10,1,9,65,34,21.2,11.1,".181",".328",".285","0.613","0.147","26","87","0","2","5","5","0","0","1",".219",".393",".276",".315",".319",".174","91.2","16.9",28.4,19,9.5,6.5,20.4,44.8,"101.989422727","95.472364192",25.2,44.3
"Steer, Spencer",668715,2025,27,509,568,121,77,21,2,21,129,51,22.7,9,".238",".411",".312","0.723","0.173","75","209","1","7","12","5","0","1","2",".219",".361",".316",".293",".297",".142","87.3","18.8",34.2,29,7.6,6,25.3,33.2,"97.843391958","93.000497056",25,48
"Doyle, Brenton",686668,2025,27,502,538,117,77,23,2,15,138,30,25.7,5.6,".233",".376",".274","0.650","0.143","57","189","2","18","14","0","0","2","4",".239",".415",".282",".300",".281",".177","89.9","9.8",33,40,10.8,7.3,19.2,44.6,"101.00400956","94.812165962",29.7,50.4
"Bader, Harrison",664056,2025,31,448,501,124,82,24,1,17,136,39,27.1,7.8,".277",".449",".347","0.796","0.172","54","201","7","11","5","11","0","0","3",".220",".374",".346",".297",".298",".154","87.2","12.7",33,32,10.2,6.7,18.1,40.3,"100.565887134","94.337735112",29,47.9
"Pham, Tommy",502054,2025,37,392,449,96,68,17,1,10,94,50,20.9,11.1,".245",".370",".330","0.700","0.125","52","145","3","5","12","2","3","0","5",".246",".396",".308",".318",".332",".149","91.6","6.9",32.7,20,6.6,6.9,23.8,47.2,"102.224109934","95.517309701",22.9,42.7
"Carlson, Dylan",666185,2025,26,217,241,44,28,9,1,6,54,21,22.4,8.7,".203",".336",".278","0.614","0.133","20","73","3","3","3","2","0","0","1",".214",".357",".273",".285",".288",".144","88.4","16.7",34.8,11,6.7,4.3,23.8,30.5,"97.553371852","92.871209136",22.9,45.2
"Vázquez, Christian",543877,2025,34,190,214,36,26,7,0,3,35,18,16.4,8.4,".189",".274",".271","0.545","0.085","14","52","1","1","3","4","0","0","2",".210",".307",".248",".271",".291",".097","85.9","15.3",35.7,6,3.8,5.1,24.8,27.4,"95.863345443","91.971705669",16.9,42.7
"Durbin, Caleb",702332,2025,25,445,506,114,78,25,0,11,50,30,9.9,5.9,".256",".387",".334","0.721","0.131","53","172","6","18","10","24","0","3","4",".255",".362",".319",".312",".333",".107","85.2","13.9",29.6,16,4,4.5,24.6,26.9,"96.100902887","92.05425549",13,44.5
"Quero, Edgar",700337,2025,22,365,403,98,76,17,0,5,71,32,17.6,7.9,".268",".356",".333","0.689","0.088","36","130","1","0","8","4","0","0","2",".236",".346",".307",".290",".304",".110","90.4","6.8",35.1,11,3.7,7.4,28,46.3,"99.759928311","94.349440405",21,46.4
"Jones, Nolan",666134,2025,27,355,403,75,54,14,2,5,113,39,28,9.7,".211",".304",".296","0.600","0.093","34","108","3","8","6","5","1","1","3",".224",".373",".270",".301",".309",".148","90.8","13",35.8,21,8.5,6.1,27.2,46.7,"101.479686667","95.273598792",27.9,46.4
"Jansen, Danny",643376,2025,30,288,337,62,37,11,0,14,86,42,25.5,12.5,".215",".399",".321","0.720","0.184","36","115","0","0","5","4","0","1","2",".199",".356",".318",".299",".309",".157","87.6","24",35.6,18,8.8,9.3,20,39,"98.68086","93.598515665",24,43.2
"Hassell III, Robert",690987,2025,23,197,206,44,32,9,0,3,62,8,30.1,3.9,".223",".315",".257","0.572","0.092","18","62","0","4","4","1","0","0","0",".226",".369",".252",".273",".260",".143","88.6","7.2",34.1,11,8.1,6.7,27.4,40.7,"99.261806818","93.737415496",28.8,50.9
"Iglesias, Jose",578428,2025,35,306,343,70,56,11,0,3,56,24,16.3,7,".229",".294",".298","0.592","0.065","36","90","1","5","7","7","0","4","2",".240",".313",".268",".281",".308",".074","84","3.9",27,5,2,2.3,23.4,28.5,"96.076090484","92.044981089",17.8,45
"Schuemann, Max",680474,2025,28,183,213,36,28,4,2,2,35,22,16.4,10.3,".197",".273",".295","0.568","0.076","13","50","1","7","6","4","0","3","1",".230",".334",".262",".297",".325",".104","87.3","12.4",34.9,4,2.6,7.2,24.3,32.9,"97.241612703","92.809173741",24.4,45.5
"Wagaman, Eric",676572,2025,27,476,514,119,79,28,3,9,100,32,19.5,6.2,".250",".378",".296","0.674","0.128","53","180","1","4","11","1","0","0","5",".259",".421",".293",".315",".306",".162","91","10.6",34.4,26,6.8,8.1,22.3,46.5,"102.304067053","95.484613553",24.2,45.2
"Judge, Aaron",592450,2025,33,541,679,179,94,30,2,53,160,124,23.6,18.3,".331",".688",".457","1.145","0.357","114","372","5","12","16","7","36","0","7",".300",".708",".463",".460",".434",".409","95.4","19",39.4,96,24.7,9,20.9,58.2,"106.838113247","98.650676124",34.6,43.7
"Walls, Taylor",670764,2025,28,282,317,62,43,14,1,4,70,26,22.1,8.2,".220",".319",".280","0.599","0.099","38","90","6","14","1","0","0","3","6",".210",".309",".265",".261",".273",".099","87","15.1",33.5,7,3.2,5,25.3,26.4,"96.119638571","92.100255905",20.3,45.9
"Vientos, Mark",668901,2025,25,424,463,99,59,21,2,17,115,30,24.8,6.5,".233",".413",".289","0.702","0.180","61","175","0","1","11","5","0","0","4",".246",".432",".303",".320",".303",".187","91.4","11.5",33.5,36,11.5,7,25.2,50.5,"101.904334459","95.670780607",32.5,51.9
"Wells, Austin",669224,2025,25,401,448,88,44,22,1,21,118,30,26.3,6.7,".219",".436",".275","0.711","0.217","71","175","1","5","10","5","0","0","11",".214",".399",".302",".294",".276",".185","90.6","20.7",33,30,10.2,8.2,21.4,45.2,"101.709094658","95.230029897",27.4,50.7
"Bohm, Alec",664761,2025,28,464,504,133,101,18,3,11,82,29,16.3,5.8,".287",".409",".331","0.740","0.122","59","190","0","2","16","5","0","0","6",".275",".413",".322",".324",".325",".139","90.8","6.8",35.6,24,6.2,5.2,29.6,46.4,"100.707635803","94.852393109",14.6,48.2
"Báez, Javier",595879,2025,32,417,437,107,75,17,3,12,109,10,24.9,2.3,".257",".398",".282","0.680","0.141","57","166","1","5","8","6","0","0","3",".230",".358",".293",".270",".259",".129","88.2","11.4",30.2,17,5.5,7.7,24.1,39.9,"99.167878141","93.685508232",30.7,55.1
"Moore, Dylan",664238,2025,32,219,243,44,28,5,0,11,82,20,33.7,8.2,".201",".374",".267","0.641","0.173","25","82","5","14","1","1","0","0","3",".191",".326",".280",".262",".261",".134","84.8","21.3",34.3,12,8.6,6.4,25,34.3,"97.881551857","92.946941714",33.3,48.7
"Bogaerts, Xander",593428,2025,32,491,552,129,88,30,0,11,94,48,17,8.7,".263",".391",".328","0.719","0.128","53","192","2","20","12","4","3","1","8",".267",".413",".313",".327",".336",".146","89","11.1",36.7,28,6.9,7.1,29.1,39.2,"100.19021209","94.233073607",21.3,41.9
"Keaschall, Luke",807712,2025,22,182,207,55,37,14,0,4,29,19,14,9.2,".302",".445",".382","0.827","0.143","28","81","3","14","4","5","0","0","1",".263",".378",".363",".324",".347",".116","86.2","10.5",38.3,8,5.2,4.5,21.4,31.2,"97.107228701","92.654308562",18.5,42
"Vargas, Miguel",678246,2025,25,504,569,118,68,32,2,16,100,56,17.6,9.8,".234",".401",".316","0.717","0.167","60","202","0","6","9","6","0","0","3",".237",".407",".314",".319",".320",".171","89.7","22.6",36.6,38,9.3,7.6,22.4,40.5,"99.545761182","94.110815049",20.6,46.2
"Happ, Ian",664023,2025,30,569,663,138,83,32,0,23,151,87,22.8,13.1,".243",".420",".342","0.762","0.177","79","239","3","6","8","2","2","0","5",".256",".457",".333",".354",".356",".200","90","16.1",35.7,44,10.4,10.4,27,44.4,"101.384139763","95.030374418",24.6,43.5
"Arozarena, Randy",668227,2025,30,613,709,146,86,32,1,27,191,64,26.9,9,".238",".426",".334","0.760","0.188","76","261","6","31","9","27","2","0","5",".227",".417",".332",".327",".326",".190","91.3","12.9",32.6,49,11.5,7.7,22.7,50.6,"102.490457934","95.926660471",29.7,44
"Ramírez, Agustín",682663,2025,23,537,585,124,69,33,1,21,113,36,19.3,6.2,".231",".413",".287","0.700","0.182","67","222","3","16","13","8","2","0","4",".259",".457",".302",".332",".315",".198","90.8","8.3",31.1,47,11,7.2,21.3,47,"103.943810657","96.283585728",25.5,49.9
"Kemp, Otto",805249,2025,25,197,218,46,27,11,0,8,67,12,30.7,5.5,".234",".411",".298","0.709","0.177","28","81","2","2","4","7","0","0","2",".231",".418",".308",".310",".296",".187","89.9","11.5",38.6,16,12.1,7.6,24.2,44.7,"100.840276818","94.728175344",34.3,51.3
"Wade Jr., LaMonte",664774,2025,31,209,242,35,23,8,2,2,58,27,24,11.2,".167",".254",".271","0.525","0.087","18","53","0","1","2","3","1","2","1",".205",".321",".241",".281",".304",".116","89.7","21.9",33.8,7,4.5,7.1,31.2,31.8,"98.244666579","93.396152434",22.8,40.9
"Meadows, Parker",678009,2025,25,191,213,41,29,6,2,4,56,21,26.3,9.9,".215",".330",".291","0.621","0.115","16","63","0","4","0","0","0","0","1",".225",".346",".277",".291",".303",".122","86.9","12.5",36,7,5.1,8.8,27.9,30.9,"97.783717273","92.930370153",28.8,44.5
"Ruiz, Keibert",660688,2025,26,255,267,63,49,12,0,2,26,8,9.7,3,".247",".318",".277","0.595","0.071","25","81","2","0","4","3","0","0","1",".271",".351",".262",".287",".301",".080","86.2","11.3",31.3,5,2.2,2.2,30.4,30.9,"96.142920957","92.090094629",12.8,52.8
"Kurtz, Nick",701762,2025,22,420,489,122,58,26,2,36,151,63,30.9,12.9,".290",".619",".383","1.002","0.329","86","260","1","2","4","2","3","0","3",".245",".537",".419",".372",".345",".292","92.7","15.3",39,50,18.4,8.1,23.5,51.1,"104.041792059","96.828915978",35.5,43.1
"Ohtani, Shohei",660271,2025,30,611,727,172,83,25,9,55,187,109,25.7,15,".282",".622",".392","1.014","0.340","102","380","6","20","9","3","20","0","2",".274",".649",".418",".425",".387",".375","94.9","15",35.9,100,23.5,8.7,17.4,58.7,"106.126015352","98.277186118",33.4,45
"Torrens, Luis",620443,2025,29,261,283,59,39,14,1,5,56,19,19.8,6.7,".226",".345",".284","0.629","0.119","29","90","0","1","7","2","0","1","0",".274",".454",".278",".338",".328",".180","90.6","6.2",35.9,22,10.7,6.3,26.2,48.1,"100.939072718","94.984531902",20.7,49.3
"Beck, Jordan",687597,2025,24,539,588,139,91,27,5,16,174,43,29.6,7.3,".258",".416",".317","0.733","0.158","53","224","8","19","9","4","0","0","1",".231",".395",".319",".301",".293",".164","87.4","12.8",36.9,35,9.6,8.2,22.4,38.5,"100.308269611","94.26308585",31.2,47.4
"Bleday, JJ",668709,2025,27,307,344,65,34,17,0,14,91,36,26.5,10.5,".212",".404",".294","0.698","0.192","39","124","2","1","6","0","2","0","1",".197",".345",".302",".276",".281",".148","88.7","20.5",29.5,17,7.8,5.1,22.6,38.7,"99.544634679","93.986993226",29.8,44.7
"Suzuki, Seiya",673548,2025,30,571,651,140,74,31,3,32,164,71,25.2,10.9,".245",".478",".326","0.804","0.233","103","273","2","5","13","1","1","0","8",".247",".493",".343",".352",".330",".246","91.3","17.9",40.2,69,16.6,7.5,20.5,48.7,"102.931278798","95.890233373",23.9,40.6
"Benson, Will",666181,2025,27,230,253,52,30,8,2,12,67,16,26.5,6.3,".226",".435",".273","0.708","0.209","41","100","2","2","4","1","1","0","6",".257",".496",".298",".342",".307",".238","92.4","16.1",37.3,26,15.4,7.7,24.9,53.8,"102.907826588","96.242418757",34.4,52.9
"Westburg, Jordan",676059,2025,26,328,352,87,59,10,1,17,80,17,22.7,4.8,".265",".457",".313","0.770","0.192","41","150","2","1","5","6","0","0","1",".253",".460",".332",".327",".301",".207","90.2","14.1",30.1,28,11.2,8,26.5,43.4,"101.28897176","94.91639",29.4,50.2
"McNeil, Jeff",643446,2025,33,399,462,97,59,21,5,12,55,49,11.9,10.6,".243",".411",".335","0.746","0.168","54","164","0","3","5","8","4","2","4",".266",".395",".324",".330",".355",".130","87.2","15.9",38.9,18,5.1,3.7,29.7,32.9,"97.362971437","92.810539654",16.6,52.9
"Carroll, Corbin",682998,2025,24,564,642,146,66,32,17,31,153,67,23.8,10.4,".259",".541",".343","0.884","0.282","84","305","6","32","6","7","4","0","4",".262",".529",".371",".372",".348",".267","92.1","16.7",33.5,60,14.5,9.6,20.7,49.9,"103.729438309","96.452659346",24.8,48.9
"Swanson, Dansby",621020,2025,31,590,645,144,93,24,3,24,168,47,26,7.3,".244",".417",".300","0.717","0.173","77","246","3","20","9","2","1","1","5",".267",".477",".310",".345",".323",".210","90.5","13.3",36.9,50,11.7,7.7,27.6,47.8,"101.168222972","95.031771415",30.5,50.3
"Wood, James",695578,2025,22,598,689,153,84,38,0,31,221,85,32.1,12.3,".256",".475",".350","0.825","0.219","94","284","7","15","12","3","8","0","3",".259",".493",".353",".361",".354",".233","94.3","6.3",36.3,62,16.3,7.4,25,56.3,"106.446259788","98.230447241",32.9,40.2
"Langeliers, Shea",669127,2025,27,481,523,133,70,32,0,31,103,36,19.7,6.9,".277",".536",".325","0.861","0.259","72","258","1","7","10","1","1","0","5",".251",".463",".364",".328",".304",".212","90.9","16.4",33.4,43,11.2,8.1,20.1,44.9,"102.509663298","95.562115",25.1,52.4
"Larnach, Trevor",663616,2025,28,503,567,126,84,24,1,17,122,53,21.5,9.3,".250",".404",".323","0.727","0.154","60","203","4","4","19","4","2","0","6",".247",".399",".317",".315",".321",".153","90.9","10.9",34.9,28,7.2,4.9,27.1,45.7,"101.351578402","95.134984031",29.8,44.5
"Myers, Dane",667472,2025,29,307,333,72,56,10,0,6,77,23,23.1,6.9,".235",".326",".291","0.617","0.091","31","100","5","18","12","2","0","0","1",".251",".398",".275",".308",".307",".147","90.7","10.5",34.6,18,7.8,4.8,25.1,42,"99.818160261","94.250510655",23.7,45
"Rutschman, Adley",668939,2025,27,322,365,71,44,16,2,9,57,40,15.6,11,".220",".366",".307","0.673","0.146","29","118","0","0","8","1","0","0","2",".241",".410",".298",".325",".327",".169","89.4","13.7",33.7,20,7.5,6.7,24.3,38.6,"99.370985821","93.966094082",14.5,40.6
"Freeman, Freddie",518692,2025,35,556,627,164,99,39,2,24,128,60,20.4,9.6,".295",".502",".367","0.869","0.207","90","279","2","6","13","6","7","0","5",".268",".467",".370",".350",".345",".200","90.9","14.3",36.7,45,10.4,6,30.9,45.7,"100.776056343","94.869970093",27.3,51.9
"Vaughn, Andrew",683734,2025,27,406,447,103,67,22,0,14,80,31,17.9,6.9,".254",".411",".307","0.718","0.157","65","167","0","0","12","3","0","1","6",".273",".479",".311",".349",".329",".206","91.6","13.3",38.4,40,12,6.3,25.2,47.7,"101.722005241","95.420312018",21.7,46.9
"Waters, Drew",671221,2025,26,206,219,50,40,6,3,1,60,11,27.4,5,".243",".316",".288","0.604","0.073","14","65","3","5","2","2","0","0","0",".232",".318",".268",".265",".278",".086","86","9.1",35.6,6,4.1,4.1,30.8,28.8,"97.434472083","92.746290972",30.3,56.5
"Martínez, Angel",682657,2025,23,446,484,100,64,23,2,11,110,23,22.7,4.8,".224",".359",".269","0.628","0.135","45","160","2","8","8","6","0","5","4",".215",".313",".274",".255",".262",".099","87.1","18.4",32.2,12,3.5,6.1,23.5,29.3,"97.037956154","92.536116469",21.4,54.4
"Moreno, Gabriel",672515,2025,25,277,309,79,57,12,1,9,53,29,17.2,9.4,".285",".433",".353","0.786","0.148","40","120","2","2","6","1","3","0","2",".279",".453",".340",".346",".349",".174","90.4","14.4",39.8,16,7.1,9.7,28.8,43.4,"99.634329735","94.171203067",18,44
"Arraez, Luis",650333,2025,28,620,675,181,139,30,4,8,21,34,3.1,5,".292",".392",".327","0.719","0.100","61","243","4","11","12","2","0","12","7",".287",".363",".313",".303",".324",".076","86.1","12.2",37.1,7,1.1,1.9,27.5,16.7,"93.590259064","90.800701323",5.3,49.4
"Perdomo, Geraldo",672695,2025,25,597,720,173,115,33,5,20,83,94,11.5,13.1,".290",".462",".389","0.851","0.172","100","276","6","27","11","10","1","8","11",".278",".424",".370",".356",".381",".146","87.6","15.5",36.2,33,6.2,4.1,29.1,31.9,"97.403040156","92.774457856",12,39.7
"Marsh, Brandon",669016,2025,27,379,425,106,68,25,2,11,110,38,25.9,8.9,".280",".443",".342","0.785","0.163","43","168","1","7","2","0","1","3","4",".263",".432",".339",".330",".328",".169","91.1","12.6",39.1,23,8.3,6.9,31.5,46.4,"100.6056675","94.960470849",23.2,47.1
"Altuve, Jose",514888,2025,35,588,654,156,105,24,1,26,109,55,16.7,8.4,".265",".442",".329","0.771","0.177","77","260","6","10","20","4","5","1","6",".237",".384",".331",".300",".305",".147","85.1","17.7",29.8,30,6.2,4.5,21.2,30.9,"97.313797857","92.666821705",20.7,50
"Merrill, Jackson",701538,2025,22,440,483,116,69,25,6,16,108,33,22.4,6.8,".264",".457",".317","0.774","0.193","67","201","2","1","4","4","1","1","5",".263",".490",".331",".347",".319",".227","89.7","15.2",42.6,44,13,9.5,21.9,42.9,"100.742734371","94.664461796",27.1,58.4
"Bell, Josh",605137,2025,32,468,533,111,72,16,1,22,88,57,16.5,10.7,".237",".417",".325","0.742","0.180","63","195","3","0","15","5","1","0","3",".256",".485",".324",".359",".345",".229","90.4","10.4",33.4,46,12,7.8,20.6,47,"102.549856474","95.682677968",23.6,47
"Kepler, Max",596146,2025,32,417,474,90,53,19,0,18,93,48,19.6,10.1,".216",".391",".300","0.691","0.175","52","163","0","3","10","4","3","1","4",".243",".443",".300",".332",".326",".200","90.8","16.3",34,38,11.6,5.8,23.1,44.7,"100.626033742","94.610328405",23.5,48.1
"Lux, Gavin",666158,2025,27,446,503,120,85,28,2,5,114,56,22.7,11.1,".269",".374",".350","0.724","0.105","53","167","0","1","3","0","0","0","1",".243",".336",".322",".299",".327",".092","88.3","9.6",38.1,12,3.6,6.6,30.3,36.9,"97.799033473","93.010295676",21.6,42.7
"Guerrero Jr., Vladimir",665489,2025,26,589,680,172,115,34,0,23,94,81,13.8,11.9,".292",".467",".381","0.848","0.175","84","275","3","6","17","6","8","0","4",".300",".506",".366",".384",".390",".206","92","7.8",33.7,61,12.2,6,27.5,50.7,"104.847490968","96.922139153",21.5,42.2
"Buxton, Byron",621439,2025,31,488,542,129,66,21,7,35,148,41,27.3,7.6,".264",".551",".327","0.878","0.287","83","269","0","24","0","7","5","0","6",".249",".514",".367",".350",".315",".266","92.5","17.7",32.9,61,17.6,6.1,22,53.8,"103.649870983","96.632317826",31.3,51.8
"Lowe, Nathaniel",663993,2025,29,540,609,123,79,23,3,18,159,62,26.1,10.2,".228",".381",".307","0.688","0.153","84","206","0","1","6","2","2","0","5",".229",".373",".301",".303",".311",".145","89","10.9",33.4,27,7,8.3,26.4,41.5,"100.389231563","94.465033629",24.7,44.6
"White, Eli",642201,2025,31,256,271,60,39,8,3,10,70,11,25.8,4.1,".234",".406",".270","0.676","0.172","35","104","1","10","2","2","1","1","1",".251",".435",".290",".310",".288",".185","87.7","11.3",34.6,17,9,3.7,26.6,40.4,"100.120268901","94.122021978",26.2,52.9
"Crow-Armstrong, Pete",691718,2025,23,591,647,146,74,37,4,31,155,29,24,4.5,".247",".481",".287","0.768","0.234","95","284","8","35","1","9","1","6","12",".242",".475",".323",".321",".284",".233","89.5","20",33.9,59,13,6.2,18.7,41.6,"100.676597945","94.609790365",28.9,60.1
"Laureano, Ramón",657656,2025,30,441,488,124,72,26,2,24,119,35,24.4,7.2,".281",".512",".342","0.854","0.231","76","226","4","7","10","8","1","0","4",".270",".518",".364",".362",".333",".248","90.3","13.4",37.1,45,13.8,6.7,26.1,49.1,"102.249268272","95.596059444",27.4,47.7
"Castro, Willi",650489,2025,28,402,454,91,60,17,3,11,111,40,24.4,8.8,".226",".366",".313","0.679","0.140","33","147","4","10","12","11","1","1","0",".234",".368",".302",".306",".321",".133","86.7","11.2",36.6,19,6.5,6.8,24.7,37.3,"99.398738493","93.724594674",28.2,52.4
"Smith, Pavin",656976,2025,29,244,288,63,37,17,1,8,92,41,31.9,14.2,".258",".434",".362","0.796","0.176","28","106","2","2","7","0","1","0","2",".215",".398",".348",".319",".327",".183","90.1","12.4",37,18,11.7,6.5,27.3,46.1,"100.556484935","94.576743052",31.8,40.6
"McLain, Matt",680574,2025,25,510,577,112,79,18,0,15,167,55,28.9,9.5,".220",".343",".300","0.643","0.123","50","175","2","18","8","5","0","3","4",".212",".361",".286",".290",".294",".149","88.8","16.3",34,27,7.7,8,26.3,40.7,"99.170988588","93.766255706",28.5,43.2
"Diaz, Yainer",673237,2025,26,542,567,139,93,25,1,20,95,20,16.8,3.5,".256",".417",".284","0.701","0.161","70","226","1","1","13","2","2","0","3",".268",".465",".300",".326",".297",".197","89.9","10.2",34.9,43,9.6,6.7,24.4,42.2,"100.97744942","94.706836942",23.4,59.5
"Olson, Matt",621566,2025,31,624,724,170,98,41,2,29,176,91,24.3,12.6,".272",".484",".366","0.850","0.212","95","302","0","1","14","4","2","0","5",".249",".492",".366",".360",".347",".244","93.3","14.8",37.1,65,14.3,9.3,22.1,53.3,"103.816455133","96.735765819",26.2,45.3
"Horwitz, Spencer",687462,2025,27,364,411,99,62,26,0,11,73,44,17.8,10.7,".272",".434",".353","0.787","0.162","51","158","1","0","7","2","1","0","1",".251",".407",".344",".326",".335",".157","87.4","15.6",38.7,24,8.2,4.8,26.7,36,"98.063965931","93.094774414",17.8,46.3
"Misner, Kameron",670224,2025,27,197,217,42,27,9,1,5,69,16,31.8,7.4,".213",".345",".273","0.618","0.132","22","68","1","8","1","1","0","1","2",".191",".299",".272",".247",".253",".108","87.6","15",27.5,7,5.3,4.6,24.4,29.8,"98.404901875","93.313993858",34.4,47.3
"Schwarber, Kyle",656941,2025,32,604,724,145,64,23,2,56,197,108,27.2,14.9,".240",".563",".365","0.928","0.323","132","340","2","10","4","11","6","0","1",".251",".584",".391",".403",".374",".333","94.3","20.1",35.3,85,20.8,7.1,21.1,59.6,"105.678659216","98.063659265",33.1,41.8
"Walker, Jordan",691023,2025,23,363,396,78,58,13,1,6,126,29,31.8,7.3,".215",".306",".278","0.584","0.091","41","111","3","10","9","3","1","0","1",".207",".363",".260",".278",".271",".155","92.3","10.3",29,26,10.9,5.9,21,50,"104.361880756","96.653513613",35.6,49.4
"Muncy, Max",571970,2025,34,313,388,76,45,10,2,19,83,64,21.4,16.5,".243",".470",".376","0.846","0.227","67","147","0","4","4","6","2","0","5",".238",".497",".366",".374",".374",".259","91.3","19.6",37.4,32,13.6,9.4,20,51.5,"101.909755678","95.532473957",23.5,42.4
"Bart, Joey",663698,2025,28,285,332,71,54,12,1,4,93,40,28,12,".249",".340",".355","0.695","0.091","30","97","1","1","14","7","0","0","0",".222",".380",".317",".318",".332",".159","88.4","9",35.9,20,10.4,6.3,22.9,43.2,"101.710723021","95.09948901",28,40.3
"Campbell, Kristian",692225,2025,23,229,263,51,35,10,0,6,72,29,27.4,11,".223",".345",".319","0.664","0.122","21","79","1","2","1","4","0","0","1",".221",".338",".299",".296",".318",".118","88.6","4.7",30.4,8,5.1,4.4,27.2,41.8,"100.531882308","94.411397756",27.3,42.1
"Lopez, Otto",672640,2025,26,544,594,134,98,21,0,15,82,44,13.8,7.4,".246",".368",".305","0.673","0.122","77","200","6","15","9","3","2","0","3",".269",".434",".295",".330",".327",".165","88.5","8.4",32.5,33,7.1,6.7,23.2,38.3,"99.900867489","94.042562749",18.9,46.3
"Robert Jr., Luis",673357,2025,27,382,431,85,59,12,0,14,112,40,26,9.3,".223",".364",".297","0.661","0.141","53","139","8","33","8","2","3","1","3",".246",".426",".289",".321",".319",".180","89.4","18.2",34.7,28,10.2,5.8,26.6,41.6,"101.308583088","94.893475424",31.7,53.3
"O'Hearn, Ryan",656811,2025,31,474,544,133,94,21,1,17,109,58,20,10.7,".281",".437",".366","0.803","0.156","63","207","1","3","11","8","4","0","4",".269",".429",".349",".343",".357",".160","89.4","11.4",38.2,28,7.6,7,29.3,42.5,"99.566357446","94.072133569",23.3,46.8
"Alexander, Blaze",677942,2025,26,230,266,53,33,12,1,7,86,22,32.3,8.3,".230",".383",".323","0.706","0.153","28","88","6","4","5","10","0","3","1",".211",".374",".313",".305",".308",".164","90.2","7.3",35.8,19,12.8,6.8,20.9,43.2,"100.976531667","94.769820208",31,47.4
"Fermin, Freddy",666023,2025,30,319,347,80,62,13,0,5,65,19,18.7,5.5,".251",".339",".297","0.636","0.088","26","108","2","1","5","2","1","7","0",".233",".336",".280",".271",".280",".104","89.1","14.2",28.7,11,4.2,4.2,25.3,34.1,"98.499082764","93.418854228",23.5,53.3
"Urías, Luis",649966,2025,28,287,330,66,51,7,0,8,45,31,13.6,9.4,".230",".338",".315","0.653","0.108","25","97","1","2","9","6","0","0","3",".234",".346",".293",".300",".321",".113","86.2","14.5",30.6,9,3.7,5.3,26.9,30.2,"96.770464065","92.415126898",13.3,42.2